Date,Open,High,Low,Close,Volume
2019-03-01,12323.44629,12429.37891,12005.64941,12217.51367,101102
2019-03-04,12217.51367,12711.86426,12146.89258,12570.62109,1698208
2019-03-05,12570.62109,12570.62109,12252.8252,12252.8252,1940443
2019-03-06,12535.31055,12535.31055,12252.8252,12288.13574,40228
2019-03-07,12076.27148,12288.13574,12005.64941,12076.27148,4753044
2019-03-08,12005.64941,12429.37891,12005.64941,12252.8252,234447
2019-03-11,12076.27148,12394.06738,12076.27148,12252.8252,36136
2019-03-12,12252.8252,12500,12252.8252,12500,808790
2019-03-13,12570.62109,12641.24316,12464.68945,12570.62109,1816997
2019-03-14,12570.62109,12641.24316,12429.37891,12429.37891,163434
2019-03-15,12429.37891,12570.62109,12429.37891,12500,13445826
2019-03-18,12288.13574,12535.31055,12111.58203,12288.13574,5019040
2019-03-19,12711.86426,12711.86426,12288.13574,12429.37891,150747
2019-03-20,12288.13574,12429.37891,12217.51367,12288.13574,6897378
2019-03-21,12217.51367,12464.68945,12217.51367,12252.8252,228754
2019-03-22,12217.51367,12464.68945,12146.89258,12358.75684,3987880
2019-03-25,12358.75684,12358.75684,12217.51367,12323.44629,8241134
2019-03-26,12146.89258,12535.31055,12146.89258,12429.37891,409620
2019-03-27,12500,12500,12252.8252,12500,2542753
2019-03-28,12358.75684,12500,12076.27148,12146.89258,25170263
2019-03-29,12146.89258,12429.37891,12111.58203,12429.37891,1857395
2019-04-01,12429.37891,12429.37891,12146.89258,12146.89258,27471164
2019-04-02,12358.75684,12358.75684,11864.40723,11864.40723,57980074
2019-04-03,11864.40723,12288.13574,11864.40723,12288.13574,85176506
2019-04-04,12358.75684,12358.75684,12076.27148,12323.44629,8912119
2019-04-05,12111.58203,12358.75684,12111.58203,12358.75684,67157934
2019-04-08,12358.75684,12429.37891,12146.89258,12429.37891,455187
2019-04-09,12464.68945,12464.68945,12217.51367,12394.06738,46232
2019-04-10,12252.8252,12288.13574,12111.58203,12288.13574,11911828
2019-04-11,12288.13574,12394.06738,12288.13574,12358.75684,5798038
2019-04-12,12076.27148,12358.75684,12076.27148,12182.20313,16602019
2019-04-16,12288.13574,12288.13574,12076.27148,12288.13574,258391
2019-04-17,12146.89258,12288.13574,12111.58203,12111.58203,14221072
2019-04-18,12146.89258,12288.13574,12111.58203,12146.89258,2740655
2019-04-19,12146.89258,12288.13574,12076.27148,12111.58203,264622
2019-04-22,12076.27148,12288.13574,12076.27148,12288.13574,203847
2019-04-23,12288.13574,12288.13574,12005.64941,12288.13574,2810488
2019-04-24,12040.96094,12217.51367,12040.96094,12146.89258,134321
2019-04-25,12076.27148,12217.51367,12005.64941,12182.20313,112002
2019-04-26,12005.64941,12182.20313,12005.64941,12005.64941,159030
2019-05-02,12005.64941,12182.20313,12005.64941,12182.20313,3680396
2019-05-03,12182.20313,12288.13574,12005.64941,12288.13574,812968
2019-05-06,12288.13574,12288.13574,12146.89258,12146.89258,3809
2019-05-07,12076.27148,12217.51367,12076.27148,12076.27148,2840297
2019-05-08,12005.64941,12429.37891,12005.64941,12217.51367,2407818
2019-05-09,12323.44629,12923.72852,12111.58203,12853.10742,309126
2019-05-10,12782.48633,13064.97168,12711.86426,12923.72852,532331
2019-05-13,12923.72852,13064.97168,12535.31055,12570.62109,310401
2019-05-14,12570.62109,13064.97168,12288.13574,12288.13574,372889
2019-05-15,12288.13574,12570.62109,12288.13574,12464.68945,60434
2019-05-16,12358.75684,12711.86426,12358.75684,12711.86426,143568
2019-05-17,12711.86426,12711.86426,12429.37891,12570.62109,116281
2019-05-20,12252.8252,13206.21484,12252.8252,13206.21484,750904
2019-05-21,13206.21484,13206.21484,12994.35059,12994.35059,9815287
2019-05-22,12994.35059,13064.97168,12711.86426,12923.72852,4204896
2019-05-23,12923.72852,12994.35059,12570.62109,12923.72852,9085084
2019-05-24,12676.55371,13488.7002,12570.62109,12570.62109,23351001
2019-05-27,12570.62109,13064.97168,12570.62109,12994.35059,9651824
2019-05-28,12605.93262,13029.66113,12605.93262,12711.86426,11597677
2019-05-29,12711.86426,12782.48633,12500,12570.62109,9504645
2019-05-30,12500,12782.48633,12500,12782.48633,13507733
2019-05-31,12711.86426,12782.48633,12500,12500,12483215
2019-06-03,12429.37891,13206.21484,12323.44629,13135.59277,876872
2019-06-04,12641.24316,13100.28223,12500,12994.35059,21137538
2019-06-05,12994.35059,12994.35059,12500,12535.31055,10834977
2019-06-06,12570.62109,13064.97168,12500,12959.03906,438662
2019-06-07,12641.24316,12994.35059,12641.24316,12994.35059,398816
2019-06-10,12994.35059,12994.35059,12747.1748,12888.41797,5780862
2019-06-11,12888.41797,13064.97168,12782.48633,12959.03906,356902
2019-06-12,12959.03906,13100.28223,12817.79688,12817.79688,5260709
2019-06-13,12923.72852,12959.03906,12782.48633,12888.41797,15403205
2019-06-14,12888.41797,13029.66113,12817.79688,12853.10742,3949011
2019-06-17,12782.48633,13347.45801,12782.48633,13100.28223,2650029
2019-06-18,12959.03906,13170.9043,12959.03906,13135.59277,6808621
2019-06-19,13135.59277,13135.59277,12923.72852,13100.28223,234942
2019-06-20,12994.35059,13241.52539,12994.35059,13064.97168,16409259
2019-06-21,13135.59277,13170.9043,12923.72852,12923.72852,430548
2019-06-24,12853.10742,13241.52539,12853.10742,13206.21484,14815990
2019-06-25,12994.35059,13206.21484,12959.03906,13135.59277,7311317
2019-06-26,12994.35059,13170.9043,12994.35059,13029.66113,66537
2019-06-27,13100.28223,13206.21484,12959.03906,13206.21484,239119
2019-06-28,12959.03906,13276.83594,12853.10742,13276.83594,18596158
2019-07-01,13064.97168,13312.14648,13064.97168,13276.83594,167017
2019-07-02,13135.59277,13276.83594,12959.03906,13206.21484,91289
2019-07-03,13206.21484,13206.21484,12923.72852,12923.72852,75416
2019-07-04,12923.72852,13206.21484,12923.72852,13170.9043,28596728
2019-07-05,13170.9043,13206.21484,12959.03906,12959.03906,2617164
2019-07-08,12959.03906,13135.59277,12923.72852,12994.35059,1952876
2019-07-09,13100.28223,13100.28223,12747.1748,13064.97168,14429748
2019-07-10,12923.72852,13135.59277,12853.10742,13064.97168,11658636
2019-07-11,13064.97168,13170.9043,13029.66113,13100.28223,1898360
2019-07-12,13100.28223,13135.59277,12853.10742,12853.10742,61440
2019-07-15,12853.10742,12994.35059,12711.86426,12888.41797,171590
2019-07-16,12923.72852,12923.72852,12782.48633,12888.41797,1243729
2019-07-17,12782.48633,12994.35059,12711.86426,12923.72852,245699
2019-07-18,12747.1748,12853.10742,12217.51367,12217.51367,699192
2019-07-19,12570.62109,12923.72852,12358.75684,12923.72852,685060
2019-07-22,12782.48633,12923.72852,12711.86426,12711.86426,5842054
2019-07-23,12711.86426,12817.79688,12605.93262,12711.86426,4958039
2019-07-24,12641.24316,12782.48633,12641.24316,12676.55371,5595210
2019-07-25,12676.55371,12676.55371,12570.62109,12605.93262,87961
2019-07-26,12358.75684,12676.55371,12358.75684,12464.68945,4491113
2019-07-29,12394.06738,12782.48633,12394.06738,12782.48633,823758
2019-07-30,12500,12853.10742,12500,12676.55371,89916
2019-07-31,12429.37891,12747.1748,12429.37891,12676.55371,628180
2019-08-01,12464.68945,12711.86426,12464.68945,12500,3869658
2019-08-02,12500,12747.1748,12358.75684,12535.31055,860064
2019-08-05,12570.62109,12570.62109,12358.75684,12570.62109,307342
2019-08-06,12288.13574,12676.55371,12288.13574,12676.55371,126873
2019-08-07,12711.86426,12711.86426,12358.75684,12358.75684,135242
2019-08-08,12358.75684,12605.93262,12146.89258,12429.37891,273429
2019-08-09,12464.68945,12500,12182.20313,12500,2454565
2019-08-12,12288.13574,12500,12252.8252,12252.8252,118802
2019-08-13,12182.20313,12464.68945,12146.89258,12146.89258,99629
2019-08-14,12394.06738,12394.06738,12076.27148,12076.27148,74778
2019-08-15,12076.27148,12711.86426,11899.71777,12711.86426,176376
2019-08-16,12500,12500,12288.13574,12323.44629,22083836
2019-08-19,12464.68945,12464.68945,12146.89258,12288.13574,2281275
2019-08-20,12429.37891,12429.37891,12005.64941,12288.13574,7239526
2019-08-21,12076.27148,12535.31055,12040.96094,12323.44629,4341385
2019-08-22,12182.20313,12394.06738,12182.20313,12358.75684,64428
2019-08-23,12429.37891,12429.37891,12288.13574,12323.44629,15989089
2019-08-26,12217.51367,12217.51367,11864.40723,11899.71777,5943413
2019-08-27,12005.64941,12217.51367,12005.64941,12111.58203,6635687
2019-08-28,11970.33887,12217.51367,11935.02832,12146.89258,6719288
2019-08-29,11864.40723,12146.89258,11864.40723,12076.27148,73334
2019-08-30,11758.47461,12146.89258,11758.47461,11935.02832,2829691
2019-09-03,11935.02832,11935.02832,11723.16406,11935.02832,13879348
2019-09-04,11935.02832,11970.33887,11758.47461,11899.71777,6833601
2019-09-05,11899.71777,12076.27148,11758.47461,11793.78516,3426
2019-09-06,11723.16406,11935.02832,11723.16406,11935.02832,10762095
2019-09-09,11935.02832,12005.64941,11723.16406,12005.64941,65858
2019-09-10,11793.78516,11935.02832,11758.47461,11899.71777,4739408
2019-09-11,11793.78516,11899.71777,11723.16406,11864.40723,30288
2019-09-12,11758.47461,11864.40723,11723.16406,11864.40723,70247
2019-09-13,11864.40723,11864.40723,11687.85352,11864.40723,174776
2019-09-16,11370.05664,11864.40723,11370.05664,11864.40723,7887509
2019-09-17,11511.2998,11935.02832,11511.2998,11793.78516,225228
2019-09-18,11723.16406,11723.16406,11511.2998,11617.23145,36589
2019-09-19,11617.23145,11864.40723,11511.2998,11864.40723,159682
2019-09-20,11723.16406,11935.02832,11687.85352,11864.40723,8516333
2019-09-23,11864.40723,11864.40723,11652.54199,11793.78516,10100299
2019-09-24,11652.54199,11829.0957,11581.9209,11723.16406,28107
2019-09-25,11617.23145,11829.0957,11581.9209,11793.78516,46289
2019-09-26,11652.54199,11864.40723,11546.61035,11581.9209,110632
2019-09-27,11546.61035,11723.16406,11475.98828,11652.54199,130555
2019-09-30,11652.54199,11723.16406,11617.23145,11652.54199,508726
2019-10-01,11687.85352,11758.47461,11511.2998,11758.47461,8110706
2019-10-02,11723.16406,11758.47461,11652.54199,11723.16406,86404
2019-10-03,11581.9209,11864.40723,11581.9209,11864.40723,807176
2019-10-04,12111.58203,12111.58203,11723.16406,11935.02832,3036173
2019-10-07,12005.64941,12005.64941,11687.85352,11935.02832,184080
2019-10-08,11723.16406,11935.02832,11723.16406,11864.40723,40271
2019-10-09,11935.02832,12005.64941,11723.16406,11793.78516,3934653
2019-10-10,11687.85352,11793.78516,11652.54199,11793.78516,133160
2019-10-11,11970.33887,11970.33887,11581.9209,11723.16406,24213
2019-10-14,11723.16406,11899.71777,11617.23145,11864.40723,43683
2019-10-15,11864.40723,11864.40723,11652.54199,11793.78516,4974577
2019-10-16,11652.54199,11793.78516,11617.23145,11758.47461,11366430
2019-10-17,11758.47461,11758.47461,11546.61035,11546.61035,13737111
2019-10-18,11652.54199,11723.16406,11405.36719,11687.85352,198664
2019-10-21,11652.54199,11723.16406,11546.61035,11723.16406,4267937
2019-10-22,11723.16406,11723.16406,11475.98828,11723.16406,61326
2019-10-23,11723.16406,11723.16406,11511.2998,11652.54199,70247
2019-10-24,11511.2998,11652.54199,11511.2998,11652.54199,4259597
2019-10-25,11546.61035,11652.54199,11546.61035,11652.54199,70615
2019-10-28,11546.61035,11935.02832,11546.61035,11723.16406,846895
2019-10-29,11723.16406,11723.16406,11581.9209,11723.16406,11511060
2019-10-30,11581.9209,11723.16406,11581.9209,11652.54199,1458777
2019-10-31,11581.9209,11687.85352,11581.9209,11652.54199,57971
2019-11-01,11546.61035,11723.16406,10840.39551,11652.54199,8571274
2019-11-04,11617.23145,11687.85352,11511.2998,11652.54199,137819
2019-11-05,11687.85352,12464.68945,11581.9209,12288.13574,935055
2019-11-06,12288.13574,12288.13574,11723.16406,12288.13574,6631864
2019-11-07,12040.96094,12994.35059,11899.71777,12994.35059,259666
2019-11-08,12570.62109,13382.76855,12570.62109,12994.35059,1901532
2019-11-11,12641.24316,12994.35059,12641.24316,12994.35059,2341016
2019-11-12,12994.35059,13064.97168,12782.48633,13064.97168,193492
2019-11-13,12853.10742,13206.21484,12641.24316,13135.59277,386228
2019-11-14,12853.10742,13241.52539,12853.10742,13241.52539,802815
2019-11-15,13135.59277,13312.14648,13100.28223,13312.14648,442811
2019-11-18,13312.14648,13312.14648,12959.03906,13241.52539,781419
2019-11-19,13206.21484,13241.52539,12959.03906,12959.03906,20107
2019-11-20,12782.48633,12994.35059,12711.86426,12711.86426,59571
2019-11-21,12641.24316,12676.55371,11829.0957,11829.0957,698272
2019-11-22,12288.13574,12288.13574,11687.85352,12005.64941,262498
2019-11-25,12005.64941,12252.8252,11793.78516,12252.8252,97250
2019-11-26,12252.8252,12252.8252,11899.71777,12182.20313,628364
2019-11-27,12182.20313,12182.20313,11935.02832,12005.64941,7722821
2019-11-28,12005.64941,12111.58203,11829.0957,12076.27148,195379
2019-11-29,12182.20313,12182.20313,11899.71777,12076.27148,2971221
2019-12-02,12076.27148,12076.27148,11758.47461,11758.47461,30812
2019-12-03,11899.71777,12005.64941,11617.23145,11935.02832,121960
2019-12-04,11935.02832,11970.33887,11652.54199,11864.40723,141769
2019-12-05,11652.54199,11935.02832,11652.54199,11864.40723,7442496
2019-12-06,11687.85352,12076.27148,11652.54199,11970.33887,144715
2019-12-09,11970.33887,11970.33887,11652.54199,11864.40723,13015574
2019-12-10,11864.40723,11899.71777,11687.85352,11793.78516,7816107
2019-12-11,11723.16406,11864.40723,11581.9209,11793.78516,46897
2019-12-12,11687.85352,11935.02832,11617.23145,11829.0957,90751
2019-12-13,11829.0957,11899.71777,11687.85352,11864.40723,22302184
2019-12-16,11723.16406,11970.33887,11723.16406,11935.02832,77837
2019-12-17,11758.47461,12005.64941,11758.47461,12005.64941,122583
2019-12-18,12005.64941,12005.64941,11829.0957,11970.33887,7397566
2019-12-19,11793.78516,11970.33887,11687.85352,11723.16406,278654
2019-12-20,11687.85352,11970.33887,11687.85352,11970.33887,108762
2019-12-23,11970.33887,12570.62109,11758.47461,12111.58203,13105674
2019-12-24,12111.58203,12323.44629,12076.27148,12182.20313,164057
2019-12-25,12111.58203,12146.89258,11899.71777,12146.89258,27994
2019-12-26,12005.64941,12182.20313,11899.71777,12076.27148,25899716
2019-12-27,12076.27148,12111.58203,11899.71777,11935.02832,10765182
2019-12-30,12005.64941,12641.24316,11723.16406,12570.62109,276672
2019-12-31,12570.62109,12570.62109,11899.71777,12570.62109,212187
2020-01-02,12005.64941,12570.62109,12005.64941,12500,3307832
2020-01-03,12429.37891,12500,12182.20313,12182.20313,320256
2020-01-06,12076.27148,12464.68945,12076.27148,12358.75684,79550
2020-01-07,12358.75684,12464.68945,12076.27148,12323.44629,666921
2020-01-08,12111.58203,12358.75684,12111.58203,12217.51367,2008369
2020-01-09,12288.13574,12358.75684,12146.89258,12323.44629,14453820
2020-01-10,12358.75684,12853.10742,12358.75684,12711.86426,693216
2020-01-13,12711.86426,12782.48633,12217.51367,12711.86426,6034085
2020-01-14,12217.51367,12711.86426,12182.20313,12711.86426,10601379
2020-01-15,12711.86426,12711.86426,12358.75684,12711.86426,81986
2020-01-16,12323.44629,12711.86426,12288.13574,12394.06738,109017
2020-01-17,12358.75684,12711.86426,12358.75684,12570.62109,23812787
2020-01-20,12394.06738,12605.93262,12323.44629,12570.62109,827269
2020-01-21,12570.62109,12570.62109,12146.89258,12358.75684,1747556
2020-01-22,12358.75684,12358.75684,12146.89258,12323.44629,67288
2020-01-30,12217.51367,12994.35059,12005.64941,12676.55371,389923
2020-01-31,12676.55371,12711.86426,12217.51367,12605.93262,939459
2020-02-03,12252.8252,12570.62109,11758.47461,12500,161254
2020-02-04,12288.13574,12535.31055,12076.27148,12394.06738,262229
2020-02-05,12146.89258,12394.06738,12111.58203,12146.89258,7290516
2020-02-06,12040.96094,12500,12005.64941,12500,99983
2020-02-07,12500,12500,12182.20313,12358.75684,7796722
2020-02-10,12358.75684,12358.75684,12111.58203,12323.44629,116494
2020-02-11,12323.44629,12394.06738,12146.89258,12394.06738,1438231
2020-02-12,12464.68945,12464.68945,12217.51367,12323.44629,150053
2020-02-13,12217.51367,12358.75684,12217.51367,12288.13574,67217
2020-02-14,12217.51367,12358.75684,12146.89258,12217.51367,894458
2020-02-17,12288.13574,12323.44629,12182.20313,12252.8252,721154
2020-02-18,12358.75684,12394.06738,12217.51367,12288.13574,3051225
2020-02-19,12217.51367,12288.13574,12182.20313,12217.51367,35598
2020-02-20,12323.44629,12323.44629,12146.89258,12146.89258,373583
2020-02-21,12217.51367,12217.51367,11935.02832,12217.51367,1267419
2020-02-24,12217.51367,12217.51367,11652.54199,12146.89258,114115
2020-02-25,11652.54199,12252.8252,11652.54199,12146.89258,8563911
2020-02-26,12146.89258,12217.51367,12005.64941,12182.20313,644945
2020-02-27,12005.64941,12217.51367,12005.64941,12217.51367,341383
2020-02-28,12040.96094,12217.51367,11935.02832,12146.89258,33497589
2020-03-02,11970.33887,12570.62109,11970.33887,12500,1931778
2020-03-03,12182.20313,12535.31055,12182.20313,12358.75684,170783
2020-03-04,12464.68945,12464.68945,12146.89258,12358.75684,3803078
2020-03-05,12252.8252,12500,11829.0957,12217.51367,1268721
2020-03-06,12288.13574,12288.13574,11899.71777,12146.89258,871632
2020-03-09,11370.05664,12111.58203,11370.05664,12005.64941,193836
2020-03-10,11440.67773,12005.64941,11440.67773,11970.33887,4001800
2020-03-11,11970.33887,11970.33887,11228.81348,11864.40723,281330
2020-03-12,11370.05664,11829.0957,11052.25977,11793.78516,345588
2020-03-13,10981.63867,11758.47461,10981.63867,11581.9209,24522684
2020-03-16,11581.9209,11581.9209,10840.39551,11299.43457,1887471
2020-03-17,10663.8418,11440.67773,10663.8418,11370.05664,15174861
2020-03-18,11370.05664,11546.61035,11228.81348,11546.61035,3113642
2020-03-19,11299.43457,11546.61035,11016.94922,11052.25977,191188
2020-03-20,11052.25977,11299.43457,10805.08496,11264.12402,45113
2020-03-23,11299.43457,11511.2998,10487.28809,11299.43457,4942094
2020-03-24,10663.8418,11370.05664,10663.8418,11299.43457,3907367
2020-03-25,11087.57031,11334.74609,10911.0166,11299.43457,96811
2020-03-26,11299.43457,11299.43457,10699.15234,10875.70605,5642080
2020-03-27,10734.46289,11087.57031,10240.11328,11087.57031,790765
2020-03-30,10451.97754,11087.57031,10346.04492,11087.57031,539835
2020-03-31,10805.08496,11052.25977,10346.04492,10346.04492,885467
2020-04-01,9887.005859,10734.46289,9887.005859,10734.46289,19635502
2020-04-03,10487.28809,10734.46289,10063.55957,10734.46289,3487990
2020-04-06,10734.46289,10946.32813,10381.35547,10946.32813,6146999
2020-04-07,10593.2207,10946.32813,10593.2207,10946.32813,3062907
2020-04-08,10451.97754,10911.0166,10451.97754,10734.46289,5031699
2020-04-09,10734.46289,10805.08496,10628.53125,10734.46289,367735
2020-04-10,10628.53125,10699.15234,10346.04492,10699.15234,707631
2020-04-13,10699.15234,10734.46289,10487.28809,10734.46289,228131
2020-04-14,10734.46289,10840.39551,10557.90918,10699.15234,5066858
2020-04-15,10699.15234,10734.46289,10522.59863,10699.15234,14615923
2020-04-16,10593.2207,10734.46289,10557.90918,10699.15234,8779837
2020-04-17,10734.46289,11016.94922,10593.2207,10734.46289,1238773
2020-04-20,10805.08496,10946.32813,10663.8418,10734.46289,9819407
2020-04-21,10734.46289,10805.08496,10487.28809,10699.15234,352286
2020-04-22,10557.90918,11016.94922,10557.90918,10875.70605,3562698
2020-04-23,11016.94922,11087.57031,10805.08496,10805.08496,313813
2020-04-24,10699.15234,10875.70605,10699.15234,10805.08496,9857795
2020-04-27,10663.8418,10805.08496,10487.28809,10663.8418,34307527
2020-04-28,10593.2207,10699.15234,10487.28809,10699.15234,12382820
2020-04-29,10522.59863,10699.15234,10522.59863,10593.2207,10731665
2020-05-04,10451.97754,10663.8418,10451.97754,10628.53125,13371213
2020-05-05,10628.53125,10628.53125,10381.35547,10593.2207,10748586
2020-05-06,10593.2207,10593.2207,10451.97754,10593.2207,4706203
2020-05-07,10699.15234,10699.15234,10487.28809,10663.8418,2876915
2020-05-08,10628.53125,10981.63867,10628.53125,10769.77441,2057532
2020-05-11,10769.77441,10946.32813,10699.15234,10875.70605,263531
2020-05-12,10840.39551,10911.0166,10593.2207,10769.77441,296524
2020-05-13,10769.77441,10805.08496,10028.24902,10769.77441,709033
2020-05-14,10628.53125,10911.0166,10628.53125,10840.39551,1118073
2020-05-15,10805.08496,11016.94922,10769.77441,10946.32813,618593
2020-05-18,10875.70605,11122.88184,10805.08496,11122.88184,734748
2020-05-19,11158.19238,11617.23145,11158.19238,11475.98828,11610421
2020-05-20,11440.67773,11723.16406,11334.74609,11511.2998,4100339
2020-05-21,11581.9209,12288.13574,11511.2998,12288.13574,5123725
2020-05-22,11793.78516,12358.75684,11687.85352,11935.02832,908647
2020-05-25,11793.78516,12111.58203,11652.54199,11935.02832,6238672
2020-05-26,11864.40723,12076.27148,11864.40723,11935.02832,541450
2020-05-27,12005.64941,12429.37891,12005.64941,12146.89258,6189959
2020-05-28,12146.89258,12429.37891,11935.02832,11935.02832,4109486
2020-05-29,12005.64941,12429.37891,12005.64941,12217.51367,513229
2020-06-01,12323.44629,12782.48633,12076.27148,12323.44629,325056
2020-06-02,12323.44629,12711.86426,12323.44629,12429.37891,19168307
2020-06-03,12500,12817.79688,12429.37891,12464.68945,4456775
2020-06-04,12429.37891,12676.55371,12429.37891,12464.68945,8110398
2020-06-05,12570.62109,12711.86426,12464.68945,12500,9283267
2020-06-08,12641.24316,12853.10742,12500,12535.31055,8253864
2020-06-09,12535.31055,12923.72852,12535.31055,12782.48633,4760096
2020-06-10,12817.79688,12817.79688,12570.62109,12782.48633,316979
2020-06-11,12782.48633,12817.79688,12605.93262,12711.86426,262880
2020-06-12,12394.06738,12853.10742,12394.06738,12641.24316,6800566
2020-06-15,12641.24316,12994.35059,12570.62109,12853.10742,7350456
2020-06-16,12641.24316,12817.79688,12605.93262,12641.24316,922042
2020-06-17,12853.10742,12853.10742,12500,12782.48633,1957081
2020-06-18,12782.48633,12782.48633,12570.62109,12782.48633,382150
2020-06-19,12641.24316,12888.41797,12641.24316,12888.41797,26848379
2020-06-22,12711.86426,12888.41797,12570.62109,12853.10742,148920
2020-06-23,12888.41797,12888.41797,12676.55371,12711.86426,50735
2020-06-24,12853.10742,12853.10742,12641.24316,12711.86426,28362
2020-06-25,12641.24316,12888.41797,12394.06738,12535.31055,2450713
2020-06-26,12535.31055,12605.93262,12358.75684,12535.31055,21150707
2020-06-29,12429.37891,12711.86426,12182.20313,12711.86426,39218796
2020-06-30,12394.06738,12747.1748,12182.20313,12570.62109,18528770
2020-07-01,12429.37891,12570.62109,12358.75684,12535.31055,16396515
2020-07-02,12535.31055,12535.31055,12146.89258,12500,14759959
2020-07-03,12358.75684,12605.93262,12111.58203,12605.93262,18036130
2020-07-06,12605.93262,12605.93262,12146.89258,12570.62109,132877
2020-07-07,12570.62109,12570.62109,12288.13574,12570.62109,97519
2020-07-08,12500,12500,12323.44629,12464.68945,14966964
2020-07-09,12358.75684,12605.93262,12217.51367,12464.68945,41767072
2020-07-10,12358.75684,12464.68945,12217.51367,12429.37891,1733892
2020-07-13,12429.37891,12500,11935.02832,12288.13574,11999535
2020-07-14,12217.51367,12323.44629,11864.40723,12005.64941,21447543
2020-07-15,12005.64941,12217.51367,11970.33887,12217.51367,1139540
2020-07-16,12217.51367,12429.37891,12005.64941,12429.37891,316660
2020-07-17,12182.20313,12394.06738,12111.58203,12323.44629,235664
2020-07-20,12146.89258,12252.8252,12146.89258,12252.8252,132721
2020-07-21,12111.58203,12429.37891,12111.58203,12217.51367,140934
2020-07-22,12111.58203,12288.13574,12005.64941,12252.8252,214495
2020-07-23,12111.58203,12217.51367,11970.33887,12217.51367,3132800
2020-07-24,12217.51367,12288.13574,11546.61035,11864.40723,619202
2020-07-27,11581.9209,12040.96094,11122.88184,11581.9209,9637366
2020-07-28,11193.50293,11652.54199,11016.94922,11652.54199,708240
2020-07-29,11052.25977,12464.68945,11052.25977,12464.68945,967538
2020-07-30,11687.85352,12288.13574,11687.85352,12076.27148,13630005
2020-07-31,11581.9209,11758.47461,11405.36719,11687.85352,1162748
2020-08-03,11475.98828,11723.16406,11440.67773,11723.16406,1012454
2020-08-04,11723.16406,11899.71777,11546.61035,11899.71777,478862
2020-08-05,11899.71777,12005.64941,11687.85352,12005.64941,282293
2020-08-06,11829.0957,12005.64941,11793.78516,11970.33887,1537931
2020-08-07,11687.85352,11935.02832,11687.85352,11935.02832,147632
2020-08-10,11935.02832,11970.33887,11687.85352,11899.71777,240238
2020-08-11,11793.78516,12005.64941,11723.16406,12005.64941,403758
2020-08-12,11829.0957,11970.33887,11829.0957,11935.02832,10327496
2020-08-13,11935.02832,11935.02832,11793.78516,11793.78516,351323
2020-08-14,11864.40723,12005.64941,11758.47461,12005.64941,565692
2020-08-17,11864.40723,12358.75684,11829.0957,12005.64941,10923110
2020-08-18,11864.40723,12005.64941,11758.47461,11899.71777,10129837
2020-08-19,11793.78516,11899.71777,11723.16406,11899.71777,176391
2020-08-20,11793.78516,11970.33887,11652.54199,11970.33887,628449
2020-08-21,11829.0957,11970.33887,11793.78516,11970.33887,688147
2020-08-24,11899.71777,12005.64941,11829.0957,11970.33887,590273
2020-08-25,11864.40723,12005.64941,11829.0957,11970.33887,2756244
2020-08-26,11864.40723,12005.64941,11864.40723,11970.33887,170925
2020-08-27,11935.02832,12040.96094,11864.40723,11970.33887,1102483
2020-08-28,11970.33887,12500,11899.71777,12323.44629,758367
2020-08-31,12358.75684,12358.75684,12146.89258,12182.20313,138527
2020-09-01,12076.27148,12146.89258,12040.96094,12146.89258,752122
2020-09-03,12146.89258,12429.37891,12111.58203,12146.89258,857288
2020-09-04,12005.64941,12146.89258,11970.33887,12040.96094,834264
2020-09-07,12076.27148,12146.89258,11935.02832,11935.02832,674299
2020-09-08,11935.02832,12076.27148,11758.47461,12076.27148,577685
2020-09-09,12005.64941,12040.96094,11793.78516,11864.40723,4863889
2020-09-10,11864.40723,12005.64941,11864.40723,11864.40723,1148701
2020-09-11,11864.40723,11935.02832,11793.78516,11793.78516,142123
2020-09-14,11899.71777,12076.27148,11687.85352,12076.27148,902912
2020-09-15,12005.64941,12005.64941,11899.71777,11935.02832,852290
2020-09-16,11935.02832,11970.33887,11829.0957,11970.33887,146017
2020-09-17,11864.40723,12005.64941,11793.78516,12005.64941,809598
2020-09-18,11864.40723,12005.64941,11829.0957,12005.64941,1308284
2020-09-21,11970.33887,12040.96094,11864.40723,12040.96094,898933
2020-09-22,12040.96094,12040.96094,11935.02832,12040.96094,733346
2020-09-23,12040.96094,12146.89258,11970.33887,12076.27148,6724938
2020-09-24,12040.96094,12111.58203,12005.64941,12111.58203,1157211
2020-09-25,12146.89258,12146.89258,12040.96094,12076.27148,11772425
2020-09-28,12040.96094,12252.8252,12005.64941,12146.89258,6819135
2020-09-29,12146.89258,12146.89258,11970.33887,12005.64941,230949
2020-09-30,11935.02832,12040.96094,11899.71777,12005.64941,153791
2020-10-01,11970.33887,12040.96094,11899.71777,12005.64941,8693631
2020-10-02,12005.64941,12146.89258,11899.71777,12005.64941,323626
2020-10-05,12146.89258,12358.75684,11899.71777,12252.8252,8462667
2020-10-06,12358.75684,12605.93262,12217.51367,12394.06738,1192130
2020-10-07,12323.44629,12394.06738,12182.20313,12323.44629,444170
2020-10-08,12288.13574,12288.13574,12040.96094,12111.58203,884546
2020-10-09,12146.89258,12146.89258,11970.33887,12111.58203,2183075
2020-10-12,12146.89258,12252.8252,12076.27148,12146.89258,3421990
2020-10-13,12076.27148,12288.13574,12076.27148,12288.13574,6050426
2020-10-14,12358.75684,12429.37891,12252.8252,12288.13574,11163828
2020-10-15,12394.06738,12429.37891,12182.20313,12429.37891,713975
2020-10-16,12429.37891,12429.37891,12076.27148,12252.8252,1916244
2020-10-19,12217.51367,12429.37891,12076.27148,12146.89258,172525
2020-10-20,12146.89258,12429.37891,12146.89258,12358.75684,799402
2020-10-21,12252.8252,12323.44629,12182.20313,12182.20313,498304
2020-10-22,12182.20313,12358.75684,12146.89258,12358.75684,23929295
2020-10-23,12394.06738,12394.06738,12217.51367,12358.75684,2197419
2020-10-26,12358.75684,12429.37891,12217.51367,12217.51367,618466
2020-10-27,12111.58203,12288.13574,12076.27148,12217.51367,11983409
2020-10-28,12040.96094,12288.13574,12005.64941,12217.51367,559150
2020-10-29,12005.64941,12288.13574,11970.33887,12182.20313,726408
2020-10-30,12182.20313,12182.20313,11935.02832,12146.89258,10935074
2020-11-02,12040.96094,12146.89258,12005.64941,12146.89258,429543
2020-11-03,12288.13574,12288.13574,12040.96094,12217.51367,558173
2020-11-04,12217.51367,12288.13574,12040.96094,12182.20313,164921
2020-11-05,12217.51367,12217.51367,12005.64941,12146.89258,414689
2020-11-06,12040.96094,12217.51367,11970.33887,12217.51367,379275
2020-11-09,12040.96094,12252.8252,12040.96094,12217.51367,1104819
2020-11-10,12217.51367,12288.13574,12111.58203,12217.51367,212456
2020-11-11,12111.58203,12217.51367,12040.96094,12182.20313,2386129
2020-11-12,12217.51367,12217.51367,12076.27148,12217.51367,456560
2020-11-13,12111.58203,12217.51367,12076.27148,12146.89258,1096040
2020-11-16,12111.58203,12182.20313,11970.33887,12111.58203,739675
2020-11-17,12111.58203,12217.51367,11935.02832,12217.51367,853862
2020-11-18,12040.96094,12217.51367,11970.33887,12146.89258,3841310
2020-11-19,12146.89258,12146.89258,11935.02832,12111.58203,568099
2020-11-20,12005.64941,12182.20313,12005.64941,12182.20313,461148
2020-11-23,12076.27148,12111.58203,11970.33887,12111.58203,1306500
2020-11-24,12005.64941,12111.58203,12005.64941,12111.58203,324079
2020-11-25,12111.58203,12182.20313,12040.96094,12182.20313,545726
2020-11-26,12182.20313,12217.51367,12040.96094,12182.20313,2146075
2020-11-27,12182.20313,12182.20313,12076.27148,12076.27148,131758
2020-11-30,12146.89258,12146.89258,12040.96094,12146.89258,507890
2020-12-01,12076.27148,12146.89258,12005.64941,12111.58203,994725
2020-12-02,11970.33887,12182.20313,11970.33887,12146.89258,4417750
2020-12-03,12146.89258,12146.89258,12005.64941,12146.89258,1439307
2020-12-04,12146.89258,12146.89258,12040.96094,12040.96094,462437
2020-12-07,12111.58203,12146.89258,12040.96094,12146.89258,1098971
2020-12-08,12111.58203,12111.58203,12040.96094,12040.96094,864312
2020-12-09,12040.96094,12111.58203,12005.64941,12076.27148,2814073
2020-12-10,12111.58203,12146.89258,12040.96094,12146.89258,452638
2020-12-11,12040.96094,12146.89258,12040.96094,12076.27148,651841
2020-12-14,12076.27148,12146.89258,12076.27148,12146.89258,2772443
2020-12-15,12076.27148,12146.89258,12040.96094,12111.58203,1239368
2020-12-16,12076.27148,12111.58203,12005.64941,12111.58203,1206814
2020-12-17,12111.58203,12111.58203,11652.54199,12040.96094,8997951
2020-12-18,12076.27148,12146.89258,12005.64941,12146.89258,579936
2020-12-21,12146.89258,12994.35059,12076.27148,12994.35059,5512583
2020-12-22,13771.18652,13877.11816,13771.18652,13877.11816,1799098
2020-12-23,14759.88672,14759.88672,13771.18652,13771.18652,1459711
2020-12-24,13276.83594,13665.25391,12817.79688,13418.0791,21670010
2020-12-25,13276.83594,13771.18652,12817.79688,13488.7002,4850607
2020-12-28,13841.80762,13841.80762,13135.59277,13276.83594,15481736
2020-12-29,13064.97168,13418.0791,13064.97168,13276.83594,622077
2020-12-30,13241.52539,14194.91504,12959.03906,14194.91504,4663992
2020-12-31,13771.18652,13841.80762,13382.76855,13594.63281,1443682
2021-01-04,13594.63281,13912.42969,13488.7002,13771.18652,954242
2021-01-05,13841.80762,13841.80762,13594.63281,13771.18652,8353267
2021-01-06,13771.18652,14477.40137,13559.32227,14477.40137,5537321
2021-01-07,14477.40137,14477.40137,14124.29395,14194.91504,1371396
2021-01-08,14159.60449,14477.40137,14124.29395,14406.7793,1371396
2021-01-11,14406.7793,14477.40137,14124.29395,14265.53711,709982
2021-01-12,14406.7793,14406.7793,14124.29395,14265.53711,3326608
2021-01-13,14265.53711,15254.2373,14194.91504,15183.61621,25391004
2021-01-14,15466.10156,15783.89844,14971.75098,15254.2373,719328
2021-01-15,15254.2373,15642.65527,15254.2373,15536.72363,745807
2021-01-18,15536.72363,15536.72363,14830.50879,15148.30469,785596
2021-01-19,14548.02246,15007.0625,14088.9834,14265.53711,932577
2021-01-20,13841.80762,14265.53711,13276.83594,14265.53711,983836
2021-01-21,14265.53711,14442.09082,13771.18652,14124.29395,11345287
2021-01-22,14336.1582,14477.40137,14124.29395,14477.40137,572064
2021-01-25,14371.46875,14371.46875,13912.42969,14124.29395,1609142
2021-01-26,14194.91504,14194.91504,13135.59277,13276.83594,5160470
2021-01-27,13312.14648,13312.14648,12429.37891,12500,9999933
2021-01-28,11793.78516,12782.48633,11652.54199,12782.48633,6166821
2021-01-29,12005.64941,12711.86426,11899.71777,11899.71777,4727740
2021-02-01,11899.71777,12358.75684,11899.71777,12358.75684,5799497
2021-02-02,12005.64941,12429.37891,11793.78516,12358.75684,3619579
2021-02-03,12288.13574,12711.86426,12182.20313,12641.24316,6377522
2021-02-04,12570.62109,12641.24316,12182.20313,12570.62109,935140
2021-02-05,12570.62109,12641.24316,12394.06738,12641.24316,630828
2021-02-08,12605.93262,12605.93262,12217.51367,12535.31055,1333164
2021-02-09,12358.75684,12641.24316,12288.13574,12570.62109,385718
2021-02-17,12570.62109,12923.72852,12394.06738,12711.86426,3201434
2021-02-18,12711.86426,13064.97168,12500,13064.97168,1029148
2021-02-19,12711.86426,13064.97168,12676.55371,13064.97168,558612
2021-02-22,13029.66113,13029.66113,12747.1748,12923.72852,1120622
2021-02-23,12923.72852,12923.72852,12711.86426,12923.72852,919550
2021-02-24,12923.72852,12923.72852,12641.24316,12853.10742,464306
2021-02-25,12853.10742,12853.10742,12605.93262,12782.48633,1753857
2021-02-26,12570.62109,12782.48633,12570.62109,12782.48633,6275287
2021-03-01,12782.48633,13064.97168,12711.86426,13029.66113,3467500
2021-03-02,13135.59277,13382.76855,13064.97168,13276.83594,1802992
2021-03-03,13312.14648,13312.14648,13064.97168,13241.52539,1507332
2021-03-04,13276.83594,13276.83594,12782.48633,13135.59277,536097
2021-03-05,13135.59277,13135.59277,12747.1748,13064.97168,967269
2021-03-08,13064.97168,13100.28223,12853.10742,13029.66113,2690824
2021-03-09,12817.79688,12994.35059,12817.79688,12994.35059,554647
2021-03-10,12817.79688,12994.35059,12747.1748,12994.35059,311803
2021-03-11,12994.35059,12994.35059,12888.41797,12994.35059,4783531
2021-03-12,12994.35059,13029.66113,12923.72852,12994.35059,813916
2021-03-15,13064.97168,13064.97168,12994.35059,13029.66113,1289126
2021-03-16,13029.66113,13029.66113,12782.48633,12994.35059,3037886
2021-03-17,12994.35059,13064.97168,12853.10742,13029.66113,272863
2021-03-18,13135.59277,13594.63281,13135.59277,13524.01172,1716900
2021-03-19,13559.32227,13983.05078,13559.32227,13912.42969,4253326
2021-03-22,14053.67188,14053.67188,13524.01172,13665.25391,1530554
2021-03-23,13629.94336,13665.25391,13100.28223,13418.0791,1089328
2021-03-24,12817.79688,13276.83594,12817.79688,13064.97168,866733
2021-03-25,12923.72852,13524.01172,12923.72852,13418.0791,3273650
2021-03-26,13418.0791,13418.0791,12853.10742,13418.0791,1736724
2021-03-29,13418.0791,13418.0791,13100.28223,13347.45801,1483543
2021-03-30,13347.45801,13912.42969,13312.14648,13771.18652,3902920
2021-03-31,13877.11816,14618.64453,13771.18652,14194.91504,4757901
2021-04-01,14724.57617,14724.57617,14265.53711,14336.1582,4923998
2021-04-02,14371.46875,14512.71191,14265.53711,14406.7793,2110972
2021-04-05,14830.50879,15395.48047,14830.50879,15395.48047,2804671
2021-04-06,15960.45215,16384.18164,15677.96582,16313.55957,5775297
2021-04-07,16348.87012,16348.87012,15889.83008,16242.9375,4108524
2021-04-08,16278.24902,16313.55957,15995.7627,16101.69531,2807644
2021-04-09,16101.69531,16101.69531,15748.58789,15854.51953,2865984
2021-04-12,15889.83008,16525.42383,15854.51953,16525.42383,3544106
2021-04-13,17019.77344,17372.88086,16596.04492,16666.66602,2564092
2021-04-14,16242.9375,17831.92188,16242.9375,17831.92188,4794717
2021-04-15,17831.92188,18714.68945,17620.05664,18220.33984,3545097
2021-04-16,18220.33984,18855.93164,17761.29883,18502.82422,1996418
2021-04-19,18573.44727,19244.34961,18502.82422,19138.41797,2197632
2021-04-20,19420.9043,19950.56445,18644.06836,19138.41797,4547933
2021-04-22,19138.41797,19209.03906,17831.92188,17867.23242,2558712
2021-04-23,17620.05664,19032.48633,17408.19141,19032.48633,3851236
2021-04-26,18926.55273,19032.48633,17867.23242,18467.51367,2646928
2021-04-27,18079.0957,18467.51367,17867.23242,18432.20313,1622736
2021-04-28,18008.47461,19420.9043,17867.23242,19420.9043,2911437
2021-04-29,18714.68945,19385.59375,18714.68945,19385.59375,7274133
2021-05-04,18714.68945,18926.55273,18220.33984,18644.06836,7333322
2021-05-05,18573.44727,18997.17578,18502.82422,18502.82422,4927963
2021-05-06,18502.82422,18855.93164,18220.33984,18220.33984,7085971
2021-05-07,18361.58203,18361.58203,17937.85352,18149.7168,2937251
2021-05-10,17655.36719,18114.40625,17514.125,17584.74609,1373378
2021-05-11,17514.125,18502.82422,17443.50195,18149.7168,1753574
2021-05-12,18079.0957,18290.96094,17831.92188,17902.54297,1671163
2021-05-13,17902.54297,19067.79688,17902.54297,19067.79688,3465093
2021-05-14,19138.41797,19420.9043,18926.55273,19279.66016,2749730
2021-05-17,19632.76758,19632.76758,18714.68945,19032.48633,2887673
2021-05-18,18714.68945,18785.31055,18290.96094,18361.58203,2066227
2021-05-19,18361.58203,18750,18220.33984,18573.44727,1627833
2021-05-20,18573.44727,18573.44727,18149.7168,18361.58203,2348436
2021-05-21,18361.58203,18573.44727,18220.33984,18396.89258,1277232
2021-05-24,18396.89258,18573.44727,18290.96094,18396.89258,2912287
2021-05-25,18432.20313,19244.34961,17725.98828,18926.55273,3668572
2021-05-26,18961.86523,20233.05078,18961.86523,20233.05078,3801110
2021-05-27,21645.48047,21645.48047,21186.44141,21645.48047,8018100
2021-05-28,22245.76367,22669.49219,21468.92578,22528.24805,2760633
2021-05-31,22104.51953,23163.8418,21468.92578,23163.8418,3466084
2021-06-01,23093.2207,23305.08398,22810.73438,22951.97656,7359943
2021-06-02,21892.65625,22457.62695,21680.79102,21998.58789,5722905
2021-06-03,22104.51953,22775.42383,21539.54883,22598.86914,5422572
2021-06-04,22598.86914,23658.19141,22457.62695,23587.57031,2762191
2021-06-07,23516.94922,23516.94922,22104.51953,23128.53125,5042517
2021-06-08,22881.35547,22881.35547,21645.48047,21680.79102,5156930
2021-06-09,21398.30469,22245.76367,20550.84766,21963.27734,11900488
2021-06-10,21186.44141,21892.65625,21186.44141,21398.30469,9167166
2021-06-11,21398.30469,21963.27734,21186.44141,21468.92578,1403256
2021-06-14,21892.65625,21892.65625,21221.75195,21468.92578,5806166
2021-06-15,21468.92578,21539.54883,21115.81836,21186.44141,4410415
2021-06-16,20621.46875,21186.44141,20480.22656,20550.84766,3105571
2021-06-17,20409.60547,20550.84766,20021.18555,20480.22656,25032614
2021-06-18,20692.08984,21115.81836,20692.08984,21045.19727,10360305
2021-06-21,21115.81836,21115.81836,20692.08984,20798.02344,3456031
2021-06-22,20903.95508,20974.57617,20550.84766,20868.64453,2109415
2021-06-23,20762.71094,20974.57617,20692.08984,20692.08984,15210813
2021-06-24,20833.33398,20833.33398,20515.53711,20586.1582,1438241
2021-06-25,20515.53711,20833.33398,20127.11914,20656.7793,2599776
2021-06-28,20833.33398,21115.81836,20692.08984,21045.19727,2244218
2021-06-29,21151.13086,21892.65625,21151.13086,21539.54883,944188
2021-06-30,21539.54883,21610.16992,21221.75195,21398.30469,1955354
2021-07-01,21398.30469,21892.65625,21045.19727,21680.79102,8491610
2021-07-02,21822.0332,22175.14063,21645.48047,22139.83008,19807574
2021-07-05,21963.27734,22492.9375,21892.65625,22422.31641,3015938
2021-07-06,22598.86914,22740.11328,21539.54883,21539.54883,7313356
2021-07-07,21398.30469,21751.41211,21045.19727,21539.54883,2352400
2021-07-08,21539.54883,21539.54883,20621.46875,20727.40039,1051946
2021-07-09,20480.22656,20974.57617,19774.01172,20409.60547,6004548
2021-07-12,19774.01172,21115.81836,18997.17578,20338.98242,1505349
2021-07-13,19844.63281,21045.19727,19420.9043,19844.63281,314068
2021-07-14,19844.63281,19844.63281,18467.51367,18714.68945,5929216
2021-07-15,18785.31055,19244.34961,18785.31055,19138.41797,480873
2021-07-16,19385.59375,19385.59375,18926.55273,19067.79688,737452
2021-07-19,18961.86523,19032.48633,17761.29883,18326.27148,7055220
2021-07-20,17867.23242,18361.58203,17655.36719,18220.33984,315626
2021-07-21,18149.7168,18538.13477,18149.7168,18185.02734,378072
2021-07-22,18185.02734,19067.79688,18149.7168,19067.79688,5392128
2021-07-23,18396.89258,19067.79688,18361.58203,18361.58203,1563405
2021-07-26,18361.58203,18361.58203,17655.36719,18361.58203,689592
2021-07-27,18502.82422,18502.82422,17584.74609,17584.74609,15598528
2021-07-28,17655.36719,17831.92188,17478.81445,17478.81445,4053840
2021-07-29,17443.50195,18361.58203,17443.50195,18361.58203,515681
2021-07-30,18255.65039,18714.68945,18008.47461,18644.06836,6060196
2021-08-02,18644.06836,18644.06836,18220.33984,18220.33984,545018
2021-08-03,18220.33984,19173.72852,18220.33984,19067.79688,1339677
2021-08-04,19067.79688,19420.9043,18820.62109,19385.59375,6571372
2021-08-05,19173.72852,19632.76758,18997.17578,19456.21484,515424
2021-08-06,19562.14648,19562.14648,19032.48633,19032.48633,661696
2021-08-09,19032.48633,19138.41797,18891.24219,19138.41797,5524524
2021-08-10,18961.86523,19209.03906,18820.62109,18855.93164,779366
2021-08-11,18855.93164,19032.48633,18785.31055,18820.62109,424516
2021-08-12,18750,19032.48633,18714.68945,18855.93164,5855584
2021-08-13,18714.68945,18926.55273,18432.20313,18573.44727,258703
2021-08-16,18785.31055,18855.93164,18432.20313,18750,690866
2021-08-17,18573.44727,18961.86523,18573.44727,18750,5996618
2021-08-18,18573.44727,18855.93164,18538.13477,18573.44727,1465560
2021-08-19,18608.75781,18608.75781,18220.33984,18290.96094,2022472
2021-08-20,18290.96094,18361.58203,17443.50195,17584.74609,6040514
2021-08-23,17302.25977,17725.98828,16878.53125,16949.15234,757843
2021-08-24,17019.77344,17302.25977,16949.15234,17019.77344,398745
2021-08-25,17090.39453,17372.88086,17019.77344,17372.88086,5266812
2021-08-26,17584.74609,17796.60938,17125.70703,17125.70703,304440
2021-08-27,17055.08398,17514.125,17055.08398,17372.88086,360938
2021-08-30,17408.19141,18361.58203,17266.94922,18008.47461,6646013
2021-08-31,18290.96094,18290.96094,17902.54297,17902.54297,1735591
2021-09-01,17902.54297,17937.85352,17655.36719,17690.67773,294244
2021-09-06,17831.92188,17831.92188,17443.50195,17620.05664,5333647
2021-09-07,17584.74609,18608.75781,17372.88086,18361.58203,1868695
2021-09-08,18220.33984,18220.33984,17831.92188,18008.47461,230524
2021-09-09,18079.0957,18079.0957,17655.36719,17973.16406,5468450
2021-09-10,17973.16406,18502.82422,17796.60938,18220.33984,759542
2021-09-13,18220.33984,18326.27148,17902.54297,18008.47461,175584
2021-09-14,17973.16406,18079.0957,17831.92188,18079.0957,5536135
2021-09-15,18079.0957,18079.0957,17725.98828,18008.47461,286456
2021-09-16,17867.23242,18114.40625,17796.60938,17796.60938,848467
2021-09-17,17725.98828,18361.58203,17725.98828,18361.58203,6181123
2021-09-20,18290.96094,18361.58203,17796.60938,17867.23242,891513
2021-09-21,17655.36719,17796.60938,17443.50195,17478.81445,950844
2021-09-22,17408.19141,17655.36719,17302.25977,17514.125,7285461
2021-09-23,17372.88086,17902.54297,17161.01758,17161.01758,1090603
2021-09-24,17478.81445,17514.125,16949.15234,16984.46289,1140729
2021-09-27,17231.63867,17231.63867,16737.28906,16807.91016,7072920
2021-09-28,16807.91016,16843.2207,15642.65527,16843.2207,398320
2021-09-29,16525.42383,16772.59961,16525.42383,16596.04492,217780
2021-09-30,16949.15234,16949.15234,16384.18164,16666.66602,6469845
2021-10-01,16666.66602,16701.97656,15889.83008,16137.00586,684723
2021-10-04,15925.1416,15995.7627,15466.10156,15607.34473,579993
2021-10-05,15536.72363,16066.38379,15536.72363,15819.20898,6050992
2021-10-06,15819.20898,16031.07324,15677.96582,15748.58789,378921
2021-10-07,15819.20898,15819.20898,15536.72363,15572.03418,1917405
2021-10-08,15572.03418,15960.45215,15572.03418,15819.20898,5618404
2021-10-11,15854.51953,16454.80273,15854.51953,16454.80273,344654
2021-10-12,16737.28906,16737.28906,16278.24902,16384.18164,1544856
2021-10-13,16525.42383,16525.42383,16278.24902,16313.55957,5659893
2021-10-14,16242.9375,16772.59961,16242.9375,16666.66602,566258
2021-10-15,16666.66602,16807.91016,16454.80273,16454.80273,1530412
2021-10-18,16596.04492,16596.04492,16384.18164,16384.18164,5560065
2021-10-19,16384.18164,16737.28906,16313.55957,16737.28906,397329
2021-10-20,16772.59961,16772.59961,16419.49219,16525.42383,1600646
2021-10-21,16596.04492,16596.04492,16242.9375,16384.18164,5557800
2021-10-22,16560.73438,16560.73438,16278.24902,16525.42383,380479
2021-10-25,16525.42383,16525.42383,16348.87012,16348.87012,1403680
2021-10-26,16348.87012,16454.80273,16207.62695,16384.18164,6620932
2021-10-27,16384.18164,16596.04492,16348.87012,16596.04492,568382
2021-10-28,16596.04492,16878.53125,16525.42383,16666.66602,1526872
2021-10-29,16384.18164,16843.2207,15889.83008,15889.83008,6135103
2021-11-01,16278.24902,16631.35547,16242.9375,16454.80273,761808
2021-11-02,16525.42383,17584.74609,16278.24902,17584.74609,2393323
2021-11-03,17831.92188,18538.13477,17655.36719,18326.27148,7108744
2021-11-04,18290.96094,18290.96094,17937.85352,18043.78516,1188307
2021-11-05,17937.85352,18290.96094,17796.60938,17867.23242,697663
2021-11-08,17302.25977,18008.47461,17302.25977,17796.60938,5643892
2021-11-09,17973.16406,18114.40625,17867.23242,18008.47461,1249478
2021-11-10,18149.7168,18538.13477,18149.7168,18361.58203,1835277
2021-11-11,18432.20313,18855.93164,18079.0957,18644.06836,6538380
2021-11-12,18855.93164,19915.25391,18714.68945,19915.25391,2171294
2021-11-15,20692.08984,20692.08984,19703.39063,20197.74023,997996
2021-11-16,19915.25391,20268.36133,19844.63281,19915.25391,5840858
2021-11-17,19774.01172,19915.25391,19279.66016,19562.14648,1584079
2021-11-18,19632.76758,19703.39063,18926.55273,18926.55273,1983108
2021-11-19,19138.41797,19879.94336,19067.79688,19632.76758,6523512
2021-11-22,20374.29297,20444.91602,19562.14648,19562.14648,2733871
2021-11-23,19562.14648,19703.39063,19067.79688,19420.9043,634368
2021-11-24,19385.59375,20762.71094,19385.59375,20762.71094,9207823
2021-11-25,21292.37305,21292.37305,20480.22656,20656.7793,2412722
2021-11-26,20833.33398,21151.13086,20268.36133,20338.98242,1635904
2021-11-29,20268.36133,20444.91602,19774.01172,20021.18555,1567228
2021-11-30,20056.49805,20480.22656,18785.31055,19350.2832,6320174
2021-12-01,19138.41797,19774.01172,19138.41797,19314.97266,682370
2021-12-02,19456.21484,20127.11914,19350.2832,19632.76758,1677535
2021-12-03,19314.97266,19915.25391,19067.79688,19067.79688,3604144
2021-12-06,18785.31055,19067.79688,17761.29883,17796.60938,1499544
2021-12-07,17867.23242,18361.58203,17831.92188,18079.0957,1524465
2021-12-08,18326.27148,19032.48633,18185.02734,18855.93164,5759155
2021-12-09,18855.93164,19632.76758,18855.93164,19138.41797,1035662
2021-12-10,18926.55273,19350.2832,18891.24219,18926.55273,1440355
2021-12-13,18926.55273,19173.72852,18679.37891,18679.37891,5600421
2021-12-14,18679.37891,19067.79688,18290.96094,18926.55273,994881
2021-12-15,18997.17578,18997.17578,18608.75781,18679.37891,1620187
2021-12-16,18714.68945,18997.17578,18361.58203,18361.58203,5307734
2021-12-17,18467.51367,18467.51367,18185.02734,18361.58203,1214644
2021-12-20,18361.58203,18785.31055,18361.58203,18679.37891,515990
2021-12-21,18891.24219,18961.86523,18573.44727,18891.24219,5878099
2021-12-22,18891.24219,19526.83594,18855.93164,19279.66016,1107878
2021-12-23,19562.14648,20621.46875,19138.41797,20621.46875,6287323
2021-12-24,21786.72266,22033.89844,20903.95508,22033.89844,9374911
2021-12-27,22033.89844,23552.25977,22033.89844,23552.25977,2102760
2021-12-28,25176.55273,25176.55273,24011.29883,25070.62109,5024392
2021-12-29,26483.05078,26483.05078,24152.54297,24152.54297,7131825
2021-12-30,24717.51367,24717.51367,23799.43555,23870.05664,2138018
2021-12-31,24011.29883,24435.02734,23799.43555,23799.43555,2340789
2022-01-04,23658.19141,24364.40625,23516.94922,23940.67773,6551548
2022-01-05,23975.98828,24646.89258,23764.125,24223.16406,2181489
2022-01-06,24364.40625,24364.40625,23799.43555,24152.54297,1317446
2022-01-07,23799.43555,24364.40625,23587.57031,23587.57031,1620612
2022-01-10,23658.19141,23870.05664,22634.18164,23093.2207,2100069
2022-01-11,22951.97656,23940.67773,22951.97656,23340.39453,1412743
2022-01-12,23411.01758,23870.05664,22951.97656,23870.05664,1097116
2022-01-13,24435.02734,24964.68945,24152.54297,24152.54297,1568361
2022-01-14,23728.81445,24152.54297,23305.08398,23905.36719,722584
2022-01-17,23870.05664,23975.98828,22810.73438,23234.46289,762091
2022-01-18,22033.89844,23269.77344,22033.89844,22846.04492,5111052
2022-01-19,22846.04492,23199.15234,22316.38477,22846.04492,373257
2022-01-20,22846.04492,23305.08398,22316.38477,23022.59961,384302
2022-01-21,23093.2207,23658.19141,22598.86914,23587.57031,678688
2022-01-24,23305.08398,24081.92188,23269.77344,23870.05664,862910
2022-01-25,23870.05664,24646.89258,23799.43555,24646.89258,911620
2022-01-26,24717.51367,25000,24364.40625,24894.06836,1120056
2022-01-27,24717.51367,24964.68945,24223.16406,24929.37891,426074
2022-01-28,25070.62109,26659.60547,24081.92188,26447.74023,32487854
2022-02-07,26624.29297,26624.29297,24717.51367,25388.41797,1198927
2022-02-08,25388.41797,25706.21484,24788.13477,25211.86523,6116553
2022-02-09,25141.24219,25141.24219,24081.92188,24576.27148,2706400
2022-02-10,25423.72852,25423.72852,24646.89258,24717.51367,29514962
2022-02-11,24611.58203,25282.48633,24576.27148,25282.48633,1231353
2022-02-14,25282.48633,25988.70117,25105.93164,25812.14648,3196336
2022-02-15,25812.14648,26483.05078,25812.14648,26306.49805,1540749
2022-02-16,26694.91602,26694.91602,25282.48633,25282.48633,31001918
2022-02-17,25141.24219,25776.83594,24752.82422,25494.34961,797349
2022-02-18,25494.34961,25564.97266,25211.86523,25388.41797,721452
2022-02-21,25353.10742,25423.72852,24717.51367,24929.37891,833599
2022-02-22,24858.75781,25353.10742,24717.51367,24717.51367,5024251
2022-02-23,24717.51367,25211.86523,23305.08398,23305.08398,491918
2022-02-24,24152.54297,24858.75781,23375.70703,23728.81445,1430726
2022-02-25,23870.05664,24858.75781,23870.05664,24646.89258,693981
2022-02-28,25070.62109,25070.62109,22951.97656,23905.36719,725841
2022-03-01,23975.98828,24187.85352,23799.43555,23905.36719,558328
2022-03-02,24223.16406,24223.16406,22598.86914,22598.86914,955375
2022-03-03,22846.04492,23305.08398,22634.18164,22634.18164,960048
2022-03-04,22704.80273,24011.29883,22245.76367,22245.76367,2419802
2022-03-07,22457.62695,23552.25977,22387.00586,23552.25977,1564255
2022-03-08,23163.8418,23622.88086,23163.8418,23411.01758,5139655
2022-03-09,23411.01758,24858.75781,23375.70703,24540.96094,792676
2022-03-10,24152.54297,24505.65039,24011.29883,24223.16406,240436
2022-03-11,24576.27148,25070.62109,24364.40625,25000,892363
2022-03-14,24682.20313,25988.70117,24646.89258,25847.45703,1581530
2022-03-15,25988.70117,26200.56445,25353.10742,26129.94336,17247347
2022-03-16,26129.94336,26553.67188,25423.72852,26447.74023,850166
2022-03-17,25918.07813,26129.94336,25635.59375,26024.01172,391807
2022-03-18,26024.01172,26271.18555,25423.72852,25423.72852,397612
2022-03-21,25635.59375,26412.42969,25176.55273,25564.97266,2867683
2022-03-22,26094.63281,26483.05078,25423.72852,25600.2832,5581164
2022-03-23,25882.76758,26235.875,25600.2832,26094.63281,680246
2022-03-24,25564.97266,26129.94336,25564.97266,25600.2832,332335
2022-03-25,25494.34961,26341.80859,25494.34961,25988.70117,651076
2022-03-28,26059.32227,26059.32227,25564.97266,25953.39063,1267320
2022-03-29,26094.63281,26483.05078,25776.83594,26483.05078,9314688
2022-03-30,26341.80859,26412.42969,25812.14648,26412.42969,1817152
2022-03-31,26341.80859,26341.80859,26059.32227,26059.32227,35796763
2022-04-01,25988.70117,26341.80859,25918.07813,26271.18555,573763
2022-04-04,26553.67188,26553.67188,25918.07813,25918.07813,517831
2022-04-05,25635.59375,25918.07813,25635.59375,25635.59375,691149
2022-04-06,25776.83594,25776.83594,25423.72852,25741.52539,4693756
2022-04-07,25600.2832,25776.83594,25459.03906,25459.03906,686193
2022-04-08,25141.24219,25741.52539,24646.89258,24788.13477,851865
2022-04-12,24717.51367,24788.13477,23870.05664,23870.05664,474643
2022-04-13,23658.19141,24152.54297,23658.19141,24081.92188,619216
2022-04-14,24152.54297,24152.54297,23870.05664,23870.05664,207585
2022-04-15,24011.29883,24011.29883,23446.32813,23516.94922,408940
2022-04-18,22846.04492,23446.32813,22104.51953,22351.69531,552948
2022-04-19,21963.27734,22669.49219,21963.27734,22139.83008,318741
2022-04-20,22210.45117,22881.35547,22104.51953,22104.51953,321715
2022-04-21,21539.54883,23093.2207,21468.92578,21680.79102,266208
2022-04-22,21751.41211,22598.86914,21539.54883,22457.62695,284616
2022-04-25,22139.83008,22422.31641,20903.95508,21398.30469,503671
2022-04-26,20762.71094,21716.10156,20162.42969,21716.10156,245251
2022-04-27,21539.54883,21786.72266,20727.40039,21751.41211,93739
2022-04-28,21751.41211,22175.14063,20833.33398,21186.44141,208576
2022-04-29,21645.48047,21645.48047,21186.44141,21186.44141,2067501
2022-05-04,21539.54883,21539.54883,20692.08984,20727.40039,294952
2022-05-05,21186.44141,21186.44141,20727.40039,21151.13086,114696
2022-05-06,21009.88672,21115.81836,20727.40039,20903.95508,2129097
2022-05-09,20409.60547,21045.19727,19456.21484,20762.71094,4086434
2022-05-10,20197.74023,21045.19727,19915.25391,20762.71094,484838
2022-05-11,20762.71094,22210.45117,20056.49805,22210.45117,484413
2022-05-12,22210.45117,22916.66602,22104.51953,22316.38477,442641
2022-05-13,22210.45117,22316.38477,21186.44141,22104.51953,579427
2022-05-16,22104.51953,22951.97656,21963.27734,21963.27734,2476159
2022-05-17,21610.16992,22563.55859,20444.91602,22245.76367,273004
2022-05-18,22951.97656,22951.97656,21963.27734,22245.76367,1011448
2022-05-19,21892.65625,22281.07422,21186.44141,21468.92578,2703852
2022-05-20,21892.65625,21892.65625,20762.71094,21822.0332,196540
2022-05-23,21822.0332,22069.20898,21009.88672,21786.72266,349468
2022-05-24,22104.51953,22387.00586,21822.0332,22316.38477,1307817
2022-05-25,22563.55859,22951.97656,22139.83008,22951.97656,2790652
2022-05-26,22951.97656,23093.2207,22669.49219,22951.97656,1244805
2022-05-27,22951.97656,24399.7168,22916.66602,24081.92188,2435378
2022-05-30,24717.51367,24717.51367,23728.81445,24011.29883,2319974
2022-05-31,23163.8418,23834.74609,23163.8418,23446.32813,987518
2022-06-01,23375.70703,23375.70703,22775.42383,22951.97656,956366
2022-06-02,22634.18164,23022.59961,22316.38477,22563.55859,137493
2022-06-03,22810.73438,22846.04492,21927.9668,22245.76367,987376
2022-06-06,21680.79102,22316.38477,21680.79102,22210.45117,1589318
2022-06-07,22210.45117,22210.45117,21257.0625,21539.54883,1571052
2022-06-08,21892.65625,21963.27734,21257.0625,21963.27734,317042
2022-06-09,22033.89844,22033.89844,21257.0625,21433.61523,4627063
2022-06-10,21468.92578,21716.10156,21398.30469,21468.92578,1479295
2022-06-13,21610.16992,22245.76367,21186.44141,21822.0332,542894
2022-06-14,22139.83008,22175.14063,21892.65625,22104.51953,1707271
2022-06-15,22175.14063,22175.14063,21539.54883,21680.79102,224436
2022-06-16,21539.54883,21751.41211,21539.54883,21610.16992,676423
2022-06-17,21610.16992,22139.83008,21574.85938,22139.83008,4682712
2022-06-20,22598.86914,22987.28906,22139.83008,22175.14063,2935226
2022-06-21,21963.27734,22351.69531,21857.34375,22245.76367,861919
2022-06-22,21680.79102,22457.62695,21680.79102,22387.00586,3255950
2022-06-23,22563.55859,22563.55859,22245.76367,22492.9375,401152
2022-06-24,22528.24805,22528.24805,21927.9668,22210.45117,135652
2022-06-27,22422.31641,22422.31641,21892.65625,22210.45117,16799565
2022-06-28,22422.31641,23693.50195,22033.89844,23693.50195,4068592
2022-06-29,23622.88086,23622.88086,22598.86914,22598.86914,5773598
2022-06-30,23163.8418,23163.8418,22457.62695,22598.86914,6200664
2022-07-01,22281.07422,22881.35547,22175.14063,22881.35547,587923
2022-07-04,23128.53125,23128.53125,22634.18164,22881.35547,8382720
2022-07-05,22951.97656,23057.91016,22740.11328,22951.97656,14871823
2022-07-06,22951.97656,22951.97656,21362.99414,22598.86914,8085926
2022-07-07,22104.51953,22563.55859,22104.51953,22139.83008,8622732
2022-07-08,21963.27734,22281.07422,21963.27734,21998.58789,1450267
2022-07-11,22033.89844,22033.89844,21539.54883,21645.48047,846484
2022-07-12,22175.14063,22175.14063,21645.48047,21927.9668,846484
2022-07-13,21927.9668,22033.89844,21822.0332,21822.0332,894628
2022-07-14,21963.27734,21963.27734,21680.79102,21716.10156,5720073
2022-07-15,21716.10156,21892.65625,21610.16992,21857.34375,3681316
2022-07-18,21680.79102,21857.34375,21645.48047,21645.48047,174876
2022-07-19,21610.16992,21822.0332,21539.54883,21680.79102,3083481
2022-07-20,21574.85938,21892.65625,21504.23633,21716.10156,566258
2022-07-21,21857.34375,21857.34375,21539.54883,21680.79102,337149
2022-07-22,21751.41211,21857.34375,21574.85938,21751.41211,462607
2022-07-25,21751.41211,21822.0332,21433.61523,21539.54883,1206007
2022-07-26,21398.30469,21716.10156,21186.44141,21257.0625,19598289
2022-07-27,21221.75195,21292.37305,21151.13086,21186.44141,3005318
2022-07-28,21186.44141,21468.92578,21115.81836,21151.13086,509476
2022-07-29,21257.0625,21327.68359,21009.88672,21186.44141,600242
2022-08-01,21539.54883,21539.54883,21115.81836,21292.37305,300758
2022-08-02,21327.68359,21468.92578,21186.44141,21398.30469,777384
2022-08-03,21398.30469,21998.58789,21398.30469,21751.41211,1351005
2022-08-04,21751.41211,21892.65625,21504.23633,21574.85938,156751
2022-08-05,21610.16992,21610.16992,21221.75195,21468.92578,309396
2022-08-08,21468.92578,21468.92578,21115.81836,21327.68359,3249861
2022-08-09,21292.37305,21433.61523,21115.81836,21327.68359,1630665
2022-08-10,21257.0625,21433.61523,21186.44141,21186.44141,1293232
2022-08-11,21362.99414,21398.30469,21151.13086,21186.44141,589480
2022-08-12,21115.81836,21186.44141,21115.81836,21151.13086,1435682
2022-08-15,21292.37305,21327.68359,21186.44141,21186.44141,333892
2022-08-16,21115.81836,21327.68359,21115.81836,21186.44141,945604
2022-08-17,21221.75195,21221.75195,21151.13086,21186.44141,257004
2022-08-18,21186.44141,21221.75195,21115.81836,21115.81836,332335
2022-08-19,21115.81836,21186.44141,20939.26563,20974.57617,579144
2022-08-22,21045.19727,21468.92578,21045.19727,21115.81836,959198
2022-08-23,21115.81836,21292.37305,21045.19727,21257.0625,274137
2022-08-24,21327.68359,21327.68359,21115.81836,21186.44141,1104904
2022-08-25,21186.44141,21186.44141,21045.19727,21115.81836,12947337
2022-08-26,21151.13086,22245.76367,21151.13086,22033.89844,21071496
2022-08-29,21998.58789,21998.58789,21327.68359,21857.34375,3278040
2022-08-30,21892.65625,21892.65625,21539.54883,21539.54883,800464
2022-08-31,21468.92578,21645.48047,21327.68359,21433.61523,2937775
2022-09-05,21716.10156,21751.41211,21221.75195,21398.30469,567249
2022-09-06,21362.99414,21574.85938,21292.37305,21398.30469,5548737
2022-09-07,21327.68359,21539.54883,21186.44141,21433.61523,8424633
2022-09-08,21504.23633,21645.48047,21327.68359,21645.48047,13222324
2022-09-09,21645.48047,21716.10156,21468.92578,21610.16992,9088029
2022-09-12,21680.79102,21680.79102,21468.92578,21504.23633,166804
2022-09-13,21504.23633,22316.38477,21398.30469,21822.0332,2147788
2022-09-14,21504.23633,23340.39453,21504.23633,23340.39453,3782136
2022-09-15,24011.29883,24964.68945,23516.94922,24929.37891,2871789
2022-09-16,25035.31055,25423.72852,23940.67773,24081.92188,3286960
2022-09-19,24293.78516,24858.75781,24152.54297,24646.89258,3017779
2022-09-20,24717.51367,25070.62109,24682.20313,24929.37891,3189256
2022-09-21,24929.37891,25000,24152.54297,24364.40625,1188448
2022-09-22,24364.40625,24752.82422,24364.40625,24752.82422,2279335
2022-09-23,25000,25000,24470.33984,24505.65039,5103972
2022-09-26,24152.54297,25353.10742,24152.54297,24788.13477,11218642
2022-09-27,25000,25353.10742,25000,25070.62109,5998884
2022-09-28,25247.17578,25247.17578,24717.51367,24717.51367,6507794
2022-09-29,24505.65039,25953.39063,24505.65039,25953.39063,19763253
2022-09-30,25423.72852,25706.21484,24152.54297,24152.54297,101188591
2022-10-03,24152.54297,24435.02734,23516.94922,23516.94922,11692336
2022-10-04,23587.57031,24152.54297,22951.97656,22951.97656,1883988
2022-10-05,23587.57031,24540.96094,23516.94922,24540.96094,15487783
2022-10-06,25070.62109,26094.63281,24223.16406,26094.63281,20411073
2022-10-07,24646.89258,26271.18555,24293.78516,26271.18555,51690895
2022-10-10,24788.13477,26271.18555,24788.13477,26271.18555,113784662
2022-10-11,26271.18555,26271.18555,25141.24219,26129.94336,3861007
2022-10-12,25494.34961,26271.18555,25494.34961,26129.94336,3742616
2022-10-13,26129.94336,26694.91602,25388.41797,26694.91602,4681012
2022-10-14,26836.1582,26836.1582,26059.32227,26059.32227,138749365
2022-10-17,26059.32227,26129.94336,25423.72852,26129.94336,3048081
2022-10-18,26129.94336,26129.94336,25635.59375,26129.94336,3777746
2022-10-19,25776.83594,26447.74023,25494.34961,26165.25391,1889085
2022-10-20,26129.94336,26129.94336,25600.2832,26129.94336,18846549
2022-10-21,25670.9043,26059.32227,25494.34961,25988.70117,64652011
2022-10-24,25776.83594,25988.70117,24187.85352,25776.83594,3806349
2022-10-25,25706.21484,27542.37305,24717.51367,27542.37305,9726645
2022-10-26,27542.37305,28248.58789,26129.94336,28177.9668,25495589
2022-10-27,27895.48047,29661.01758,27189.26563,29661.01758,14040390
2022-10-28,29661.01758,29943.50195,27824.85938,27824.85938,116655177
2022-10-31,27259.88672,27542.37305,26129.94336,26129.94336,492626
2022-11-01,25600.2832,26447.74023,25423.72852,25423.72852,4160632
2022-11-02,25423.72852,25423.72852,24011.29883,24046.60938,4913944
2022-11-03,23128.53125,24717.51367,22881.35547,24717.51367,4603254
2022-11-04,24223.16406,24223.16406,23022.59961,23057.91016,14773694
2022-11-07,23305.08398,23305.08398,21468.92578,21468.92578,1493738
2022-11-08,19985.875,21186.44141,19985.875,21186.44141,3468456
2022-11-09,19703.39063,21115.81836,19703.39063,19703.39063,18330374
2022-11-10,18326.27148,18326.27148,18326.27148,18326.27148,5492522
2022-11-11,17055.08398,17655.36719,17055.08398,17055.08398,16620724
2022-11-14,15889.83008,15889.83008,15889.83008,15889.83008,1082956
2022-11-15,14795.19727,14795.19727,14795.19727,14795.19727,2426457
2022-11-16,13771.18652,13771.18652,13771.18652,13771.18652,27568528
2022-11-17,12817.79688,14124.29395,12817.79688,12817.79688,135354547
2022-11-18,13700.56543,13700.56543,12853.10742,13700.56543,12810410
2022-11-21,14018.36133,14265.53711,12747.1748,12747.1748,21681933
2022-11-22,12217.51367,13629.94336,12005.64941,13629.94336,30709358
2022-11-23,13418.0791,14053.67188,13276.83594,13735.87598,13765644
2022-11-24,13453.38965,13594.63281,12994.35059,13382.76855,7110585
2022-11-25,13382.76855,13594.63281,13135.59277,13488.7002,15058168
2022-11-28,13559.32227,13735.87598,13418.0791,13735.87598,13237759
2022-11-29,13735.87598,14689.26563,13700.56543,14689.26563,18403752
2022-11-30,15536.72363,15713.27637,15042.37305,15536.72363,12750230
2022-12-01,16101.69531,16101.69531,14830.50879,14830.50879,13733642
2022-12-02,14759.88672,15289.54785,14442.09082,15183.61621,6218930
2022-12-05,15395.48047,15960.45215,15289.54785,15501.41211,6928488
2022-12-06,15466.10156,15607.34473,14477.40137,14477.40137,12314385
2022-12-07,14300.84766,14477.40137,13700.56543,13771.18652,4062079
2022-12-08,14124.29395,14724.57617,14124.29395,14724.57617,3791906
2022-12-09,15042.37305,15748.58789,15007.0625,15748.58789,5498611
2022-12-12,16843.2207,16843.2207,16843.2207,16843.2207,2069342
2022-12-13,18008.47461,18008.47461,18008.47461,18008.47461,3454332
2022-12-14,19244.34961,19244.34961,18149.7168,19209.03906,13045749
2022-12-15,18573.44727,20409.60547,18573.44727,19774.01172,7621761
2022-12-16,19668.07813,19809.32227,19138.41797,19350.2832,11753631
2022-12-19,19279.66016,20127.11914,19279.66016,19703.39063,7373961
2022-12-20,19738.70117,20939.26563,19491.52539,20127.11914,9148492
2022-12-21,20127.11914,21009.88672,19950.56445,20338.98242,118351078
2022-12-22,20656.7793,21115.81836,19668.07813,19774.01172,181534456
2022-12-23,19774.01172,19985.875,18997.17578,19668.07813,24601300
2022-12-26,19597.45703,19597.45703,18432.20313,18502.82422,9024168
2022-12-27,18361.58203,19138.41797,18220.33984,19138.41797,29231196
2022-12-28,19420.9043,19879.94336,19067.79688,19703.39063,75486110
2022-12-29,19420.9043,19774.01172,19067.79688,19067.79688,8275528
2022-12-30,18714.68945,19738.70117,18714.68945,19738.70117,13562023
2023-01-03,19668.07813,19774.01172,19314.97266,19350.2832,10241644
2023-01-04,19138.41797,19491.52539,19138.41797,19173.72852,10616176
2023-01-05,19173.72852,19597.45703,19138.41797,19491.52539,10010128
2023-01-06,19632.76758,19985.875,19350.2832,19844.63281,19282521
2023-01-09,20127.11914,20903.95508,20127.11914,20338.98242,27289576
2023-01-10,20727.40039,20727.40039,19844.63281,19844.63281,33941803
2023-01-11,19844.63281,20127.11914,18502.82422,18502.82422,7380475
2023-01-12,18644.06836,18855.93164,17584.74609,17655.36719,9589718
2023-01-13,17761.29883,18290.96094,17584.74609,18185.02734,194166168
2023-01-16,18220.33984,19103.10742,18185.02734,18891.24219,5064465
2023-01-17,18926.55273,19067.79688,18714.68945,18891.24219,6385310
2023-01-18,18855.93164,19067.79688,18538.13477,18855.93164,2865276
2023-01-19,18538.13477,19491.52539,18538.13477,19138.41797,19665549
2023-01-27,19209.03906,19350.2832,19032.48633,19032.48633,9593258
2023-01-30,19032.48633,19032.48633,18220.33984,18361.58203,10788220
2023-01-31,18538.13477,18538.13477,18149.7168,18361.58203,3768117
2023-02-01,18432.20313,18714.68945,18043.78516,18149.7168,3398400
2023-02-02,18079.0957,18290.96094,17831.92188,17867.23242,3213895
2023-02-03,18008.47461,18290.96094,17867.23242,17867.23242,15256125
2023-02-06,18290.96094,18290.96094,18008.47461,18220.33984,8173293
2023-02-07,18290.96094,18361.58203,17655.36719,17655.36719,11667840
2023-02-08,17690.67773,17867.23242,17266.94922,17266.94922,10712323
2023-02-09,17302.25977,17443.50195,17231.63867,17408.19141,47109413
2023-02-10,17478.81445,17478.81445,16207.62695,16207.62695,10970743
2023-02-13,16207.62695,16384.18164,15077.68359,15077.68359,35728512
2023-02-14,15183.61621,15995.7627,15077.68359,15607.34473,9803676
2023-02-15,15925.1416,15925.1416,14653.95508,14830.50879,5405863
2023-02-16,15183.61621,15607.34473,14724.57617,15536.72363,34023364
2023-02-17,16101.69531,16355.93262,15847.45801,16271.18652,2116802
2023-02-20,16271.18652,16440.67773,16059.32227,16228.81348,6280196
2023-02-21,16525.42383,17330.50781,16483.05078,17118.64453,8570812
2023-02-22,17076.27148,17076.27148,16525.42383,16694.91602,3355448
2023-02-23,16567.79688,16694.91602,16144.06738,16610.16992,21632232
2023-02-24,16525.42383,16652.54297,16186.44043,16228.81348,2227604
2023-02-27,16101.69531,16144.06738,15338.9834,15423.72852,2428912
2023-02-28,15508.47461,15847.45801,15169.49121,15254.2373,7046842
2023-03-01,15211.86426,15635.59277,14957.62695,15254.2373,23437160
2023-03-02,15508.47461,15889.83008,15254.2373,15550.84766,16568380
2023-03-03,15677.96582,15677.96582,15211.86426,15254.2373,22721018
2023-03-06,15338.9834,15762.71191,15338.9834,15466.10156,2202352
2023-03-07,15677.96582,16525.42383,15593.2207,16525.42383,6940288
2023-03-08,16525.42383,17457.62695,16525.42383,17288.13477,6408462
2023-03-09,17372.88086,17711.86523,17288.13477,17288.13477,19024668
2023-03-10,17203.39063,17627.11914,17033.89844,17372.88086,33775930
2023-03-13,17118.64453,17584.74609,17033.89844,17033.89844,29528320
2023-03-14,17118.64453,17245.76367,16355.93262,16398.30469,13168682
2023-03-15,16822.0332,17118.64453,16694.91602,16949.15234,5860116
2023-03-16,16610.16992,17288.13477,16525.42383,16991.52539,6708890
2023-03-17,17118.64453,17330.50781,16567.79688,16567.79688,9243294
2023-03-20,16567.79688,16652.54297,15847.45801,15889.83008,9454986
2023-03-21,16016.94922,16186.44043,15423.72852,15720.33887,14040584
2023-03-22,15974.57617,16271.18652,15762.71191,16101.69531,9303681
2023-03-23,16059.32227,16101.69531,15805.08496,16101.69531,12104912
2023-03-24,16144.06738,16355.93262,16101.69531,16186.44043,3331376
2023-03-27,16186.44043,16271.18652,16059.32227,16271.18652,2480950
2023-03-28,16313.55957,16398.30469,16059.32227,16101.69531,5279320
2023-03-29,16059.32227,16271.18652,15974.57617,16016.94922,2604142
2023-03-30,16186.44043,16271.18652,15974.57617,16059.32227,2719074
2023-03-31,16059.32227,16059.32227,15889.83008,16016.94922,5303746
2023-04-03,16101.69531,16652.54297,16059.32227,16610.16992,17568666
2023-04-04,16610.16992,16737.28906,16525.42383,16567.79688,12366636
2023-04-05,16610.16992,16906.7793,16483.05078,16610.16992,26498587
2023-04-06,16779.66016,16822.0332,16313.55957,16355.93262,9061574
2023-04-07,16355.93262,16440.67773,16186.44043,16186.44043,15522782
2023-04-10,16228.81348,16355.93262,16144.06738,16186.44043,7446862
2023-04-11,16228.81348,16313.55957,16101.69531,16313.55957,15127659
2023-04-12,16355.93262,16949.15234,16313.55957,16567.79688,9707270
2023-04-13,16737.28906,16779.66016,16567.79688,16610.16992,19392710
2023-04-14,16694.91602,17372.88086,16610.16992,16737.28906,10750508
2023-04-17,16779.66016,16864.40625,16652.54297,16737.28906,14300656
2023-04-18,16737.28906,16779.66016,16355.93262,16525.42383,17844668
2023-04-19,16483.05078,17076.27148,16483.05078,16906.7793,11693446
2023-04-20,16864.40625,16906.7793,16737.28906,16737.28906,5391184
2023-04-21,16737.28906,16864.40625,16313.55957,16313.55957,11302984
2023-04-24,16313.55957,16440.67773,16016.94922,16186.44043,18264535
2023-04-25,16186.44043,16355.93262,15932.20313,15932.20313,6505576
2023-04-26,15762.71191,16059.32227,15762.71191,16016.94922,13436117
2023-04-27,16101.69531,16228.81348,15974.57617,16186.44043,1430750
2023-04-28,16313.55957,16398.30469,16016.94922,16016.94922,9709512
2023-05-04,16059.32227,16186.44043,15847.45801,15889.83008,4245876
2023-05-05,15974.57617,16101.69531,15805.08496,15974.57617,13669238
2023-05-08,16059.32227,16144.06738,15847.45801,16059.32227,11908772
2023-05-09,16059.32227,16440.67773,16059.32227,16186.44043,11806726
2023-05-10,16313.55957,16567.79688,16228.81348,16567.79688,20830540
2023-05-11,16652.54297,16694.91602,16355.93262,16398.30469,1849650
2023-05-12,16398.30469,16440.67773,16271.18652,16398.30469,10969162
2023-05-15,16567.79688,16779.66016,16398.30469,16440.67773,6020596
2023-05-16,16440.67773,16483.05078,16313.55957,16355.93262,11063798
2023-05-17,16271.18652,16398.30469,15974.57617,15974.57617,14376954
2023-05-18,15974.57617,16186.44043,15974.57617,16101.69531,3826740
2023-05-19,16228.81348,16228.81348,16016.94922,16144.06738,22460356
2023-05-22,16144.06738,16610.16992,16059.32227,16610.16992,12448410
2023-05-23,16652.54297,16991.52539,16525.42383,16652.54297,10817768
2023-05-24,16779.66016,16822.0332,16525.42383,16525.42383,39449642
2023-05-25,16525.42383,16610.16992,16271.18652,16398.30469,5469772
2023-05-26,16355.93262,16737.28906,16355.93262,16567.79688,11155366
2023-05-29,16779.66016,17372.88086,16567.79688,17161.01758,49579068
2023-05-30,17288.13477,17542.37305,16991.52539,17330.50781,49739419
2023-05-31,17330.50781,17457.62695,17033.89844,17203.39063,13852846
2023-06-01,17203.39063,17881.35547,17203.39063,17669.49219,12604170
2023-06-02,17966.10156,18389.83008,17754.23633,17966.10156,23021210
2023-06-05,18177.9668,18220.33984,17372.88086,17500,8423194
2023-06-06,17542.37305,17881.35547,17330.50781,17754.23633,20102409
2023-06-07,17796.60938,18177.9668,17627.11914,18177.9668,17082506
2023-06-08,18220.33984,18220.33984,17627.11914,17627.11914,22648448
2023-06-09,17669.49219,17754.23633,17033.89844,17542.37305,16852642
2023-06-12,17923.72852,18601.69531,17796.60938,18093.2207,24952752
2023-06-13,18389.83008,18559.32227,18093.2207,18220.33984,24863426
2023-06-14,18220.33984,18347.45703,17838.98242,17881.35547,11804130
2023-06-15,17838.98242,18008.47461,17584.74609,17584.74609,19925633
2023-06-16,17796.60938,17966.10156,17542.37305,17627.11914,20478782
2023-06-19,17627.11914,17627.11914,17372.88086,17372.88086,6878102
2023-06-20,17415.25391,17584.74609,17330.50781,17584.74609,13398746
2023-06-21,17669.49219,17669.49219,17500,17669.49219,17344466
2023-06-22,17881.35547,18008.47461,17754.23633,17881.35547,23539938
2023-06-23,18050.84766,18220.33984,17796.60938,17881.35547,15214330
2023-06-26,17796.60938,18050.84766,17288.13477,17881.35547,19612072
2023-06-27,17796.60938,17881.35547,17500,17584.74609,4779708
2023-06-28,17584.74609,17796.60938,17500,17627.11914,17800772
2023-06-29,17754.23633,18347.45703,17711.86523,17796.60938,17740474
2023-06-30,17966.10156,18008.47461,17627.11914,18008.47461,14308444
2023-07-03,17838.98242,17923.72852,17415.25391,17457.62695,27551017
2023-07-04,17415.25391,17457.62695,17203.39063,17203.39063,16431146
2023-07-05,17372.88086,17457.62695,17118.64453,17118.64453,4572382
2023-07-06,17245.76367,17245.76367,16906.7793,16906.7793,9386664
2023-07-07,16822.0332,17203.39063,16610.16992,17161.01758,45654790
2023-07-12,17330.50781,17372.88086,17203.39063,17245.76367,7941518
2023-07-13,17245.76367,17330.50781,17118.64453,17161.01758,10118736
2023-07-14,17245.76367,17542.37305,17033.89844,17203.39063,37653682
2023-07-17,17457.62695,17881.35547,17330.50781,17796.60938,8975788
2023-07-18,17881.35547,18008.47461,17542.37305,17584.74609,14571702
2023-07-19,17627.11914,17711.86523,17288.13477,17330.50781,34571758
2023-07-20,17288.13477,17372.88086,16779.66016,16779.66016,24888088
2023-07-21,16991.52539,17118.64453,16864.40625,17033.89844,10303052
2023-07-24,17245.76367,17245.76367,16991.52539,17033.89844,13843878
2023-07-25,17076.27148,17457.62695,17076.27148,17203.39063,9303356
2023-07-26,17288.13477,17288.13477,16991.52539,17076.27148,8679136
2023-07-27,17161.01758,17203.39063,16906.7793,17033.89844,12394731
2023-07-28,17033.89844,17372.88086,16991.52539,17330.50781,22693406
2023-07-31,17415.25391,18008.47461,17372.88086,17838.98242,51230290
2023-08-01,17966.10156,18474.57617,17838.98242,18177.9668,21588218
2023-08-02,18177.9668,19449.15234,18050.84766,19449.15234,22594168
2023-08-03,19449.15234,19661.01758,19067.79688,19067.79688,16431146
2023-08-04,19237.28906,20254.23633,19152.54297,20169.49219,17787438
2023-08-07,20169.49219,20593.2207,19745.76367,20296.60938,20621326
2023-08-08,20211.86523,20762.71094,20127.11914,20423.72852,26228332
2023-08-09,20338.98242,20889.83008,20127.11914,20508.47461,30866310
2023-08-10,20508.47461,21101.69531,20423.72852,20550.84766,20776024
2023-08-11,20593.2207,20677.9668,20338.98242,20550.84766,16369597
2023-08-14,20677.9668,21271.18555,20466.10156,21186.44141,33272743
2023-08-15,21186.44141,21313.55859,20847.45703,20932.20313,18945088
2023-08-16,20805.08398,21525.42383,20635.59375,21271.18555,18693796
2023-08-17,21271.18555,21271.18555,20932.20313,20932.20313,6836094
2023-08-18,20762.71094,20847.45703,19491.52539,19491.52539,35306520
2023-08-21,19491.52539,19830.50781,19067.79688,19491.52539,19339031
2023-08-22,19618.64453,20254.23633,18983.05078,19957.62695,16972766
2023-08-23,20254.23633,20254.23633,19745.76367,19957.62695,16380606
2023-08-24,20084.74609,20084.74609,19830.50781,20000,10123810
2023-08-25,20000,20550.84766,20000,20338.98242,39742636
2023-08-28,20635.59375,21610.16992,20423.72852,21610.16992,42649330
2023-08-29,21779.66016,21779.66016,21144.06836,21186.44141,11986381
2023-08-30,21313.55859,21652.54297,21144.06836,21440.67773,15645266
2023-08-31,21567.79688,22033.89844,21440.67773,22033.89844,21385848
2023-09-05,22033.89844,22372.88086,21567.79688,21652.54297,26587760
2023-09-06,21779.66016,21822.0332,21355.93164,21652.54297,8891536
2023-09-07,21694.91602,21949.15234,21610.16992,21652.54297,6720690
2023-09-08,21694.91602,22330.50781,21610.16992,21610.16992,10790864
2023-09-11,21737.28906,21822.0332,21186.44141,21186.44141,10607256
2023-09-12,21271.18555,21525.42383,21059.32227,21525.42383,19399672
2023-09-14,21610.16992,21906.7793,21398.30469,21525.42383,8560310
2023-09-15,21694.91602,21779.66016,21483.05078,21525.42383,9866570
2023-09-18,21525.42383,21610.16992,20084.74609,20127.11914,20964092
2023-09-19,20296.60938,20338.98242,19279.66016,19491.52539,18502872
2023-09-20,19745.76367,19915.25391,19449.15234,19915.25391,7302548
2023-09-21,19915.25391,20000,19406.7793,19491.52539,22041220
2023-09-22,19850,19850,18750,19600,15128600
2023-09-25,19500,19600,18250,18250,10504600
2023-09-26,17950,18350,17500,17500,11749100
2023-09-27,17700,18150,17100,18150,9204700
2023-09-28,18350,18350,17200,17450,10392900
2023-09-29,17650,18050,17600,17950,10251500
2023-10-02,18000,18000,17550,17700,12004100
2023-10-03,17450,17600,16750,16750,6163200
2023-10-04,16500,17150,16500,16950,4782900
2023-10-05,17100,17100,16600,16650,12601850
2023-10-06,16650,17100,16500,17050,15247300
2023-10-09,17050,17400,17000,17300,9588300
2023-10-10,17500,17700,17350,17600,6312200
2023-10-11,17550,17800,17450,17650,7251900
2023-10-12,17750,17800,17450,17450,8727100
2023-10-13,17400,17550,17300,17450,3147566
2023-10-16,17500,17600,17200,17250,9326300
2023-10-17,17350,17700,17200,17200,7027100
2023-10-18,17250,17450,16850,16950,10754300
2023-10-19,17000,17300,16900,17100,3527100
2023-10-20,17200,17700,17050,17700,20798800
2023-10-23,17700,17850,17600,17750,9069600
2023-10-24,17800,18450,17600,18300,32379400
2023-10-25,18300,18600,18100,18100,15349300
2023-10-26,17800,17800,17000,17200,19666800
2023-10-27,17400,17800,17000,17800,6403038
2023-10-30,17700,17750,17300,17300,3800360
2023-10-31,17250,17450,16850,16850,7708700
2023-11-01,16800,17150,16600,17150,5647220
2023-11-02,17400,17700,17200,17600,3793500
2023-11-03,17700,17800,17500,17800,4395592
2023-11-06,17850,18200,17700,18000,40778900
2023-11-07,17850,18000,17550,17700,4787400
2023-11-08,17550,18200,17350,18200,14902500
2023-11-09,18400,18400,18100,18150,11761200
2023-11-10,18000,18300,17750,17750,12462840
2023-11-13,17850,17900,17500,17800,7759440
2023-11-14,17950,19000,17800,19000,33358500
2023-11-15,19500,19700,18950,19200,24428260
2023-11-16,19350,19350,18850,19100,38529660
2023-11-17,19200,19450,18550,18600,33834400
2023-11-20,18150,18550,18050,18400,25190170
2023-11-22,18550,19200,18550,19100,21637900
2023-11-23,19200,19550,18400,18400,27014200
2023-11-24,18700,18700,17950,18700,20888500
2023-11-27,18650,18700,18300,18300,30751300
2023-11-28,18300,18350,17850,18150,29635510
2023-11-29,18150,18250,18050,18100,13810400
2023-11-30,18150,18900,18100,18200,15096800
2023-12-01,18500,18500,18000,18300,5589400
2023-12-04,18500,18950,18250,18700,23676800
2023-12-05,18800,18900,18500,18550,10440200
2023-12-06,18600,18950,18500,18900,12419500
2023-12-07,19000,19350,18700,19050,27110900
2023-12-08,19150,19350,18900,19100,11167600
2023-12-11,19200,19250,18800,19000,17893100
2023-12-12,19050,19150,18800,19000,22257820
2023-12-13,19300,19650,19000,19000,26911740
2023-12-15,18500,18650,18250,18250,15990600
2023-12-18,18250,18350,17900,17900,19483450
2023-12-19,18000,18300,17900,18300,28131870
2023-12-20,18300,18550,18300,18450,10664920
2023-12-21,18300,18450,18150,18300,21603000
2023-12-22,18300,18500,18250,18300,29985800
2023-12-25,18400,18550,18250,18250,25263300
2023-12-26,18350,18400,18100,18250,33533700
2023-12-27,18350,18450,18200,18250,39790860
2023-12-28,18350,18400,18200,18350,6646300
2023-12-29,18400,18600,18350,18350,19871320
2024-01-02,18500,18800,18400,18450,9899200
2024-01-03,18450,18800,18400,18800,11188800
2024-01-04,18950,19350,18800,18900,22722800
2024-01-08,19100,19150,18750,18850,28878100
2024-01-09,18950,18950,18600,18650,28392590
2024-01-10,18750,19200,18600,19100,25007100
2024-01-11,19350,20300,19350,19900,30995140
2024-01-12,19500,20000,19400,19750,39111900
2024-01-15,19800,19950,19250,19250,15032800
2024-01-16,19250,19550,19100,19500,14675700
2024-01-17,19600,19650,19250,19300,24904600
2024-01-19,19500,19850,19400,19850,22584100
2024-01-22,20000,20200,19750,19950,34126600
2024-01-23,20000,20100,19550,19650,12885600
2024-01-24,19700,19850,19500,19600,36735270
2024-01-25,19700,19700,19450,19700,20601600
2024-01-26,19700,19700,19400,19500,24404700
2024-01-29,19500,19550,19200,19200,41871700
2024-01-30,19200,19450,19100,19350,7794000
2024-01-31,19350,19400,18750,18750,32711400
2024-02-01,18750,18800,18600,18600,43494200
2024-02-02,18650,18700,18450,18450,66129400
2024-02-05,18500,18900,18450,18800,44165200
2024-02-06,18900,18950,18650,18700,15097800
2024-02-07,18750,18800,18550,18700,11697400
2024-02-15,18850,19250,18700,19000,20055100
2024-02-16,19100,19150,18750,18850,20267500
2024-02-19,18950,18950,18600,18800,14188900
2024-02-20,18900,18950,18600,18650,27017800
2024-02-21,18750,18950,18600,18800,15992100
2024-02-22,18800,18900,18650,18700,10575700
2024-02-23,18700,19100,18350,18350,48882800
2024-02-26,18350,18450,18000,18150,19848500
2024-02-27,18200,18300,17950,18200,26188760
2024-02-28,18300,18400,18150,18300,16449100
2024-02-29,18400,18450,18050,18100,11057100
2024-03-01,18200,18250,18050,18250,9362700
2024-03-04,18300,18400,18200,18300,12765400
2024-03-05,18300,18350,18150,18300,6781300
2024-03-06,18200,18400,18050,18050,11765900
2024-03-07,18050,18150,17950,18150,22473720
2024-03-08,18200,18250,17700,17700,21792100
2024-03-11,17700,18300,17700,17950,13730700
2024-03-12,18000,18200,18000,18150,9235900
2024-03-13,18200,18250,17950,18150,15273300
2024-03-14,18200,18200,17900,17950,14772700
2024-03-15,17950,18300,17850,17850,30799500
2024-03-18,17900,18400,17700,18400,30643400
2024-03-19,18450,19000,18300,18600,42471300
2024-03-20,18600,18700,18300,18500,19172530
2024-03-21,18550,18650,18050,18200,39832700
2024-03-22,18300,18700,18200,18400,29069870
2024-03-25,18500,18600,18300,18450,19714600
2024-03-26,18300,18750,18300,18650,25828100
2024-03-27,18650,18850,18500,18600,21348180
2024-03-28,18750,18750,18450,18500,37081050
2024-03-29,18500,18600,18350,18400,26332100
2024-04-01,18350,18500,18150,18200,19631130
2024-04-02,18200,18350,18050,18200,8096400
2024-04-03,18200,18250,18050,18050,8250500
2024-04-04,18050,18150,17900,17900,7030200
2024-04-05,17850,17950,17750,17800,10556200
2024-04-08,17900,17950,17700,17700,7202400
2024-04-09,17850,18000,17700,17950,6786300
2024-04-10,17950,18150,17900,17950,20713620
2024-04-11,17900,18250,17750,18150,11286700
2024-04-12,18200,18250,18050,18150,4748400
2024-04-15,18000,18250,17000,17000,24798970
2024-04-16,17000,17200,16600,16950,64137350
2024-04-17,17200,17200,16800,16850,20784700
2024-04-19,16700,16850,16250,16500,9303300
2024-04-22,16700,17250,16600,17200,22021930
2024-04-23,17150,17650,17050,17350,72642150
2024-04-24,17450,18000,17300,17650,10782200
2024-04-25,17650,17950,17550,17950,17294300
2024-04-26,17900,18100,17700,17950,20850200
2024-05-02,17950,17950,17650,17750,3717100
2024-05-03,17800,17800,17600,17600,7903900
2024-05-06,17600,17950,17600,17950,34662870
2024-05-07,17950,18150,17750,17750,17394760
2024-05-08,17800,18400,17800,18000,13731700
2024-05-09,18100,18100,17750,17800,9255200
2024-05-10,17850,17900,17550,17650,15577250
2024-05-13,17800,17800,17600,17700,7669800
2024-05-14,17800,17800,17600,17650,4217100
2024-05-15,17650,17850,17600,17650,19600000
2024-05-16,17800,17950,17650,17800,7912100
2024-05-17,17900,17900,17700,17750,8960200
2024-05-20,17900,18700,17850,18500,28589000
2024-05-21,18550,18900,18450,18450,28482200
2024-05-22,18650,18650,18200,18200,15091900
2024-05-23,18300,18500,18150,18500,9661000
2024-05-24,18450,18550,17850,17900,35263570
2024-05-27,18000,18850,17900,18800,23321600
2024-05-28,18900,18950,18550,18750,14183500
2024-05-29,18750,19700,18600,19650,34878400
2024-05-30,19400,19750,19300,19700,17593880
2024-05-31,19800,20450,19650,19950,29955700
